ID,bug type,species,sym_h,sym_v,sym_aspect,hu1,hu2,hu3,hu4,hu5,hu6,hu7,solidity,eccentricity,extent,perimeter,area,convex_area,compactness,r_min,r_max,r_mean,r_median,r_std,g_min,g_max,g_mean,g_median,g_std,b_min,b_max,b_mean,b_median,b_std,pixel_ratio,bg_brightness,color_dominance,edge_density,texture_contrast,brightness_mean,saturation_mean
1,Bee,Apis mellifera,0.490364,0.019925,0.824427,0.0,0.0,0.0,0.0,0.0,0.0,0.0,0.635953,0.529241,0.48525,790.83,6760.5,10630.5,0.13584,5.0,207.0,68.0058,56.0,47.6338,3.0,201.0,54.8131,38.0,44.9733,2.0,189.0,39.8132,24.0,35.7833,0.007411,99.1187,0.418157,0.272804,44.472,54.2107,112.933
2,Bee,Apis mellifera,0.412442,0.0,0.662722,0.0,0.0,0.0,0.0,0.0,0.0,0.0,0.555026,0.765876,0.415522,838.41,7865.0,14170.5,0.140605,3.0,188.0,63.8467,55.0,42.0723,2.0,184.0,52.1506,34.0,42.7942,1.0,180.0,35.7727,19.0,34.4776,0.008561,91.5545,0.42068,0.25368,41.2834,50.59,123.7198
3,Bee,Apis mellifera,0.11553,0.0,0.941964,0.0,0.0,0.0,0.0,0.0,0.0,0.0,0.619648,0.278722,0.437532,1262.56,20679.5,33373.0,0.163023,4.0,255.0,107.1844,114.0,58.5333,0.0,255.0,87.8,86.0,59.7978,0.0,255.0,63.4173,52.0,54.5554,0.022088,114.9329,0.414797,0.234437,58.1445,86.1339,124.405
4,Bee,Apis mellifera,0.002698,0.052557,0.774359,0.0,0.0,0.0,0.0,0.0,0.0,0.0,0.594985,0.697554,0.41462,1096.82,12208.5,20519.0,0.127528,4.0,210.0,87.4777,88.0,46.1899,4.0,203.0,70.9012,61.0,45.9118,0.0,190.0,50.2936,37.0,37.2071,0.013164,105.4972,0.419211,0.2336,44.578,69.5575,118.6115
5,Bee,Apis mellifera,0.224641,0.099461,0.834356,0.0,0.0,0.0,0.0,0.0,0.0,0.0,0.551361,0.763249,0.377842,919.35,8376.0,15191.5,0.124532,9.0,230.0,123.0569,133.0,62.0991,6.0,218.0,100.7441,90.0,62.7472,1.0,214.0,80.8283,63.0,60.3444,0.009143,111.015,0.403956,0.273556,61.664,101.5431,102.0434
6,Bee,Apis mellifera,0.003522,0.241394,0.618056,0.0,0.0,0.0,0.0,0.0,0.0,0.0,0.62992,0.786688,0.423338,633.35,5425.5,8613.0,0.169969,7.0,195.0,100.6465,109.0,49.6458,5.0,194.0,84.6058,78.0,51.4209,3.0,198.0,68.619,55.0,49.0995,0.005935,87.9515,0.396447,0.265532,50.172,84.6238,95.9677
7,Bee,Apis mellifera,0.0,0.055696,1.505747,0.0,0.0,0.0,0.0,0.0,0.0,0.0,0.703189,0.901434,0.457533,541.49,5214.5,7415.5,0.223484,13.0,234.0,91.5548,87.0,41.2488,10.0,230.0,72.7471,70.0,36.6045,9.0,219.0,50.9474,41.0,34.5777,0.005667,111.6175,0.425343,0.243015,36.236,71.7498,118.5285
8,Bee,Apis mellifera,0.0,0.280201,0.877301,0.0,0.0,0.0,0.0,0.0,0.0,0.0,0.586275,0.744501,0.317832,663.23,6817.5,11628.5,0.194765,5.0,161.0,55.5579,47.0,35.5283,5.0,163.0,43.1697,31.0,35.4064,4.0,179.0,36.8651,24.0,37.1784,0.007429,93.7578,0.409741,0.212844,35.0703,45.1976,101.6956
9,Bee,Apis mellifera,0.145084,0.200417,0.953846,0.0,0.0,0.0,0.0,0.0,0.0,0.0,0.673889,0.647811,0.410019,693.23,6609.5,9808.0,0.172833,7.0,238.0,87.6836,95.0,52.3386,2.0,227.0,71.5061,65.0,51.505,1.0,232.0,68.2735,58.0,54.1241,0.007194,112.4134,0.385485,0.240515,51.5923,75.8211,90.4302
10,Bee,Apis mellifera,0.19033,0.381364,0.872222,0.0,0.0,0.0,0.0,0.0,0.0,0.0,0.673118,0.577449,0.521798,969.72,14746.0,21907.0,0.197057,5.0,236.0,83.0206,82.0,52.0283,0.0,215.0,63.6572,49.0,48.4846,0.0,232.0,60.4848,45.0,50.4017,0.015798,112.3624,0.400751,0.226164,49.1339,69.0542,104.2004
11,Bee,Apis mellifera,0.113017,0.156418,1.097902,0.0,0.0,0.0,0.0,0.0,0.0,0.0,0.75638,0.467813,0.570309,717.33,12804.0,16928.0,0.312694,12.0,255.0,120.5252,124.0,45.0394,3.0,232.0,89.1163,90.0,41.5119,1.0,254.0,82.4027,80.0,45.9348,0.013654,84.7598,0.412695,0.296765,41.8313,97.3481,97.1905
12,Bee,Apis mellifera,0.288834,0.354563,0.945652,0.0,0.0,0.0,0.0,0.0,0.0,0.0,0.700415,0.591145,0.527346,927.74,16883.5,24105.0,0.246503,11.0,225.0,109.405,108.0,44.6081,2.0,188.0,75.5949,72.0,37.5214,6.0,255.0,82.6638,73.0,51.1562,0.018011,92.2402,0.40874,0.205193,39.7669,89.2212,98.9789
13,Bee,Apis mellifera,0.114552,0.542213,0.487705,0.0,0.0,0.0,0.0,0.0,0.0,0.0,0.628645,0.857069,0.523781,1050.59,15208.5,24192.5,0.173153,6.0,255.0,104.9444,100.0,47.8174,4.0,255.0,78.3886,71.0,42.6703,0.0,255.0,52.6457,43.0,39.3236,0.016307,70.3351,0.44472,0.302395,42.8682,78.6596,132.851
14,Bee,Apis mellifera,0.267509,0.44347,0.817073,0.0,0.0,0.0,0.0,0.0,0.0,0.0,0.719004,0.44435,0.464575,736.74,10209.5,14199.5,0.236365,11.0,255.0,137.2579,137.0,51.5004,1.0,227.0,107.3101,103.0,48.2386,8.0,255.0,99.5451,90.0,50.8057,0.010972,93.4244,0.398874,0.320516,48.2245,114.7044,82.3281
15,Bee,Apis mellifera,0.028679,0.259954,0.906977,0.0,0.0,0.0,0.0,0.0,0.0,0.0,0.49905,0.265413,0.353991,1450.91,14703.0,29462.0,0.087768,12.0,250.0,123.5924,125.0,50.6513,3.0,233.0,94.8776,98.0,44.6826,0.0,234.0,80.7822,82.0,40.7901,0.015954,97.1997,0.413004,0.302625,44.9385,99.7507,97.7004
16,Bee,Apis mellifera,0.33626,0.331518,0.727273,0.0,0.0,0.0,0.0,0.0,0.0,0.0,0.522358,0.805892,0.335378,1211.84,15612.5,29888.5,0.133594,15.0,242.0,107.1,101.0,46.2413,5.0,239.0,87.0013,84.0,40.1946,0.0,244.0,66.8742,62.0,33.8392,0.016806,85.6595,0.410383,0.270671,40.388,86.9918,98.8869
17,Bee,Apis mellifera,0.352427,0.451274,0.965854,0.0,0.0,0.0,0.0,0.0,0.0,0.0,0.557588,0.453872,0.340515,948.42,13821.5,24788.0,0.19309,4.0,246.0,122.7642,116.0,47.0617,0.0,234.0,106.6654,109.0,45.7578,0.0,254.0,74.6745,66.0,42.7123,0.01483,88.119,0.403691,0.305542,44.3196,101.3681,109.622
18,Bee,Apis mellifera,0.346498,0.168654,0.971831,0.0,0.0,0.0,0.0,0.0,0.0,0.0,0.490465,0.698481,0.290796,978.85,12821.5,26141.5,0.168158,19.0,251.0,137.1135,133.0,48.6236,8.0,232.0,112.9694,110.0,46.4897,4.0,255.0,96.2425,88.0,47.4339,0.013779,92.2365,0.39591,0.321439,46.2089,115.4418,89.0432
19,Bee,Apis mellifera,0.474711,0.402885,0.6875,0.0,0.0,0.0,0.0,0.0,0.0,0.0,0.711082,0.737974,0.453559,857.64,11495.0,16165.5,0.196387,8.0,255.0,107.7049,106.0,36.5864,0.0,255.0,88.3586,95.0,37.268,0.0,254.0,65.9508,63.0,32.0213,0.012361,111.1862,0.411065,0.289121,35.2411,87.3381,110.5996
20,Bee,Apis mellifera,0.224057,0.091664,1.0,0.0,0.0,0.0,0.0,0.0,0.0,0.0,0.624159,0.441902,0.404236,1157.96,17997.0,28834.0,0.168666,8.0,255.0,91.6388,89.0,54.4962,0.0,255.0,68.216,62.0,46.4881,0.0,255.0,60.4332,49.0,44.8868,0.019303,108.6601,0.415995,0.244131,47.6397,73.4294,100.6786
21,Bee,Apis mellifera,0.341717,0.356046,0.578544,0.0,0.0,0.0,0.0,0.0,0.0,0.0,0.565365,0.837959,0.384613,1225.4,15158.0,26811.0,0.126851,15.0,230.0,123.0611,118.0,40.8275,4.0,203.0,101.7331,104.0,37.5483,2.0,255.0,100.1442,97.0,45.1723,0.016004,102.2078,0.378721,0.267248,37.8985,108.3128,73.5566
22,Bee,Apis mellifera,0.120104,0.123226,0.775,0.0,0.0,0.0,0.0,0.0,0.0,0.0,0.590011,0.686415,0.413855,1007.6,12829.5,21744.5,0.158799,10.0,255.0,146.0768,162.0,68.0599,0.0,255.0,105.7633,111.0,58.9064,0.0,255.0,103.8765,99.0,66.24,0.013853,109.7477,0.410655,0.28724,60.8537,118.5722,101.2049
23,Bee,Apis mellifera,0.0,0.038779,0.699571,0.0,0.0,0.0,0.0,0.0,0.0,0.0,0.694769,0.921568,0.411293,1126.33,15620.5,22483.0,0.15473,6.0,250.0,116.2478,119.0,46.3796,1.0,245.0,98.5986,103.0,46.9136,0.0,246.0,81.4833,76.0,45.2086,0.01677,97.7214,0.392292,0.274303,45.3137,98.7766,87.4063
24,Bee,Megachile centuncularis,0.205508,0.13674,1.205405,0.0,0.0,0.0,0.0,0.0,0.0,0.0,0.675345,0.529596,0.51212,1061.22,21127.5,31284.0,0.235749,2.0,253.0,77.3223,75.0,43.7776,0.0,255.0,51.6211,45.0,34.2266,0.0,255.0,50.1413,38.0,39.184,0.02248,111.4549,0.431764,0.236087,35.9159,59.6949,114.935
25,Bee,Apis mellifera,0.524506,0.0,0.584746,0.0,0.0,0.0,0.0,0.0,0.0,0.0,0.445734,0.934742,0.324275,1115.78,10561.0,23693.5,0.1066,2.0,255.0,98.6506,103.0,48.3974,1.0,255.0,88.2889,93.0,48.2061,0.0,255.0,82.7718,87.0,46.9166,0.011502,105.4985,0.365764,0.313983,47.6494,89.9038,58.0189
26,Bee,Andrenidae,0.416787,0.0,0.67234,0.0,0.0,0.0,0.0,0.0,0.0,0.0,0.61942,0.792742,0.409588,1180.97,15208.0,24552.0,0.137025,4.0,255.0,102.5021,111.0,66.2987,2.0,255.0,84.5793,87.0,56.2054,0.0,255.0,89.862,85.0,64.6219,0.01637,118.4448,0.370119,0.276042,59.4585,92.3144,62.5168
27,Bee,Apis mellifera,0.0,0.147395,1.369231,0.0,0.0,0.0,0.0,0.0,0.0,0.0,0.754374,0.818381,0.596197,438.42,3449.0,4572.0,0.225491,12.0,234.0,108.1946,109.0,44.0428,4.0,219.0,74.0263,70.0,40.1699,0.0,251.0,60.2813,53.0,39.6679,0.003762,119.9745,0.446159,0.362957,39.51,80.8341,120.1595
28,Bee,Apis mellifera,0.198279,0.037547,1.148438,0.0,0.0,0.0,0.0,0.0,0.0,0.0,0.544706,0.606293,0.363919,946.36,6847.5,12571.0,0.096078,8.0,255.0,152.5762,170.0,58.7463,5.0,255.0,129.4441,141.0,57.8946,0.0,255.0,111.5119,112.0,60.5419,0.007542,100.7785,0.38771,0.374309,57.5131,131.1774,78.4416
29,Bee,Andrenidae,0.227413,0.080109,0.743169,0.0,0.0,0.0,0.0,0.0,0.0,0.0,0.661241,0.644534,0.55583,1112.79,13833.5,20920.5,0.140383,2.0,255.0,95.2453,92.0,56.614,0.0,251.0,78.5048,71.0,53.6288,0.0,255.0,68.6034,58.0,50.1784,0.014916,104.3785,0.393002,0.29171,53.5935,80.7845,91.0026
30,Bee,Apis mellifera,0.010117,0.044332,1.08377,0.0,0.0,0.0,0.0,0.0,0.0,0.0,0.717989,0.685837,0.431507,843.37,17060.5,23761.5,0.301416,21.0,255.0,138.4495,132.0,48.8606,6.0,255.0,99.1416,101.0,43.6489,0.0,255.0,77.4112,69.0,48.0866,0.017889,83.7066,0.439519,0.267513,43.3483,105.0008,128.6004
31,Bee,Apis mellifera,0.494997,0.400899,1.055556,0.0,0.0,0.0,0.0,0.0,0.0,0.0,0.74267,0.569889,0.486614,583.39,10651.0,14341.5,0.393267,10.0,255.0,130.7648,139.0,48.8742,7.0,255.0,110.7963,120.0,48.1306,4.0,255.0,93.4994,95.0,46.2474,0.01136,103.7929,0.390272,0.321016,47.2665,111.6868,82.09
32,Bee,Apis mellifera & Megachile centuncularis,0.381341,0.0,0.829114,0.0,0.0,0.0,0.0,0.0,0.0,0.0,0.601736,0.586016,0.442144,719.49,9151.5,15208.5,0.222155,2.0,255.0,91.1271,81.0,67.729,0.0,255.0,76.3157,62.0,59.8905,0.0,255.0,74.7256,59.0,57.4996,0.009871,91.8919,0.376296,0.278071,61.5902,80.7228,70.5291
33,Bee,Apis mellifera,0.0,0.404664,1.006536,0.0,0.0,0.0,0.0,0.0,0.0,0.0,0.563892,0.697252,0.318012,669.73,7493.0,13288.0,0.209926,7.0,252.0,84.8148,77.0,55.0393,3.0,246.0,70.9619,63.0,50.1341,2.0,239.0,55.5113,42.0,44.43,0.008157,98.5167,0.401418,0.264717,50.2807,70.4294,96.6034
34,Bee,Apis mellifera,0.269142,0.101231,0.872483,0.0,0.0,0.0,0.0,0.0,0.0,0.0,0.587371,0.673802,0.380563,717.71,7371.5,12550.0,0.179831,8.0,246.0,79.2318,70.0,51.2878,5.0,239.0,65.7722,52.0,48.2119,0.0,253.0,44.3395,32.0,36.8867,0.008011,91.7877,0.418455,0.249512,47.1713,63.1145,122.3208
35,Bee,Apis mellifera,0.0,0.356325,1.611111,0.0,0.0,0.0,0.0,0.0,0.0,0.0,0.800671,0.846653,0.600216,442.25,5013.0,6261.0,0.322086,5.0,187.0,71.4358,57.0,48.9462,5.0,183.0,57.2879,37.0,49.6352,3.0,177.0,48.2971,28.0,47.3843,0.005428,98.1102,0.403545,0.211092,48.6915,59.0069,101.2779
36,Bee,Apis mellifera,0.077626,0.048383,1.157895,0.0,0.0,0.0,0.0,0.0,0.0,0.0,0.644245,0.40251,0.4274,738.3,8754.0,13588.0,0.201815,11.0,250.0,111.743,118.0,50.6417,9.0,233.0,88.4662,98.0,46.0922,7.0,231.0,63.4464,65.0,35.2971,0.009457,82.3534,0.423822,0.235488,45.4962,87.8852,114.4182
37,Bee,Apis mellifera,0.003918,0.089383,1.018868,0.0,0.0,0.0,0.0,0.0,0.0,0.0,0.612057,0.787578,0.374854,739.55,9655.5,15775.5,0.221847,15.0,255.0,142.5854,151.0,63.5538,9.0,255.0,117.6548,129.0,62.113,6.0,255.0,91.6064,88.0,53.0089,0.01041,118.6141,0.405249,0.258655,60.6734,117.2822,101.4093
38,Bee,Apis mellifera,0.0,0.0,1.117647,0.0,0.0,0.0,0.0,0.0,0.0,0.0,0.776358,0.742544,0.524526,617.5,10843.0,13966.5,0.357338,6.0,255.0,111.8394,109.0,45.5131,0.0,255.0,92.6728,91.0,43.8827,0.0,255.0,73.6402,65.0,42.2763,0.011553,100.1998,0.40208,0.314129,43.1391,92.7175,97.387
39,Bee,Apis mellifera,0.23466,0.031898,1.178344,0.0,0.0,0.0,0.0,0.0,0.0,0.0,0.707373,0.588113,0.533775,895.49,15503.5,21917.0,0.242952,8.0,255.0,92.4748,87.0,49.2393,0.0,255.0,68.1262,65.0,43.0777,0.0,255.0,53.3423,46.0,40.387,0.016579,98.1943,0.43224,0.242837,43.4733,71.3144,121.8016
40,Bee,Andrenidae,0.247788,0.069047,1.097143,0.0,0.0,0.0,0.0,0.0,0.0,0.0,0.630417,0.539721,0.505972,830.88,13724.5,21770.5,0.249819,8.0,197.0,85.4281,90.0,38.7178,4.0,172.0,71.0937,72.0,33.8698,0.0,145.0,56.0881,52.0,28.7984,0.014693,95.607,0.401807,0.261113,34.2482,70.8699,85.9527
41,Bee,Andrenidae,0.1741,0.572027,2.238095,0.0,0.0,0.0,0.0,0.0,0.0,0.0,0.724511,0.916277,0.552812,587.08,8730.0,12049.5,0.318297,8.0,255.0,107.5237,101.0,55.5567,7.0,255.0,97.8637,89.0,55.6127,3.0,255.0,77.0779,62.0,52.069,0.009378,104.2856,0.380662,0.260247,54.6912,94.1551,79.7617
42,Bee,Apis mellifera,0.02094,0.27505,0.972678,0.0,0.0,0.0,0.0,0.0,0.0,0.0,0.655057,0.309209,0.379352,826.22,12357.0,18864.0,0.227476,8.0,255.0,108.305,102.0,45.0293,4.0,255.0,92.4519,90.0,43.9247,1.0,255.0,76.3116,67.0,41.3569,0.013255,98.619,0.390896,0.297682,43.1674,92.3561,88.824
43,Bee,Apis mellifera,0.116534,0.265355,1.247573,0.0,0.0,0.0,0.0,0.0,0.0,0.0,0.595854,0.854126,0.343442,1000.46,18182.5,30515.0,0.228279,12.0,255.0,119.0352,122.0,46.9697,0.0,255.0,85.4137,84.0,43.7251,0.0,255.0,76.4482,79.0,41.4364,0.019422,100.7355,0.423768,0.288227,43.2449,93.6324,110.2372
44,Bee,Apis mellifera,0.135339,0.319522,1.188679,0.0,0.0,0.0,0.0,0.0,0.0,0.0,0.634863,0.566667,0.389704,705.85,11711.0,18446.5,0.29538,13.0,255.0,126.9985,127.0,47.0593,6.0,255.0,103.3435,106.0,43.7802,7.0,255.0,88.4122,84.0,44.0201,0.01254,101.9567,0.398421,0.310517,44.0452,106.2514,86.9291
45,Bee,Megachile centuncularis,0.405516,0.480649,1.032051,0.0,0.0,0.0,0.0,0.0,0.0,0.0,0.648061,0.55556,0.504559,844.83,12672.5,19554.5,0.22312,11.0,232.0,89.0911,79.0,45.9506,8.0,216.0,74.8128,68.0,42.7097,0.0,249.0,47.3789,32.0,41.9408,0.01359,96.3568,0.421668,0.251111,42.6291,70.4276,135.1377
46,Bee,Megachile centuncularis,0.209316,0.13021,1.050562,0.0,0.0,0.0,0.0,0.0,0.0,0.0,0.750649,0.439033,0.590759,945.81,19664.0,26196.0,0.27623,9.0,244.0,98.7275,98.0,44.2015,8.0,230.0,84.3727,84.0,41.2837,1.0,237.0,68.4182,60.0,43.1601,0.020931,98.451,0.392526,0.288643,41.3684,83.8395,94.4236
47,Bee,Megachile centuncularis,0.0,0.457007,0.986928,0.0,0.0,0.0,0.0,0.0,0.0,0.0,0.747856,0.532872,0.488811,734.56,11293.0,15100.5,0.263007,6.0,245.0,94.8205,88.0,58.1332,2.0,234.0,82.94,79.0,51.2148,3.0,255.0,109.6973,97.5,66.0197,0.012108,99.9385,0.381612,0.304456,54.0469,95.8193,84.876
48,Bee,Megachile centuncularis,0.22703,0.59708,1.432432,0.0,0.0,0.0,0.0,0.0,0.0,0.0,0.771325,0.689366,0.504929,609.4,8911.5,11553.5,0.301543,11.0,255.0,109.1211,111.0,61.9424,6.0,225.0,89.1011,88.0,53.3691,9.0,255.0,110.6851,101.0,65.5468,0.009571,105.1506,0.358312,0.292664,56.0474,102.9691,82.1253
49,Butterfly,Pieris rapae,0.346454,0.273616,1.166667,0.0,0.0,0.0,0.0,0.0,0.0,0.0,0.943863,0.8273,0.640514,567.4,16813.5,17813.5,0.656271,49.0,253.0,181.7798,189.0,37.9355,14.0,248.0,184.8598,191.0,36.929,28.0,255.0,159.3073,154.0,43.4289,0.01778,89.1681,0.35148,0.178159,37.453,175.3156,41.9975
50,Bee,Megachile centuncularis,0.201261,0.072748,1.175879,0.0,0.0,0.0,0.0,0.0,0.0,0.0,0.696602,0.439754,0.399036,1015.63,18581.5,26674.5,0.226371,13.0,255.0,122.1165,121.0,54.5811,7.0,249.0,95.0412,89.0,53.1211,8.0,255.0,104.8552,102.0,56.2155,0.019846,106.3946,0.379228,0.287214,52.5669,107.3376,79.4349
51,Bee,Megachile centuncularis,0.32484,0.010946,0.724138,0.0,0.0,0.0,0.0,0.0,0.0,0.0,0.718597,0.725329,0.418537,908.64,20646.0,28731.0,0.314239,9.0,241.0,129.2458,136.0,52.1366,3.0,240.0,108.541,108.0,49.7529,5.0,255.0,131.8078,134.0,57.7117,0.021934,93.4788,0.356628,0.330816,50.3696,123.1982,69.9664
52,Bee,Megachile centuncularis,0.455968,0.051154,1.061856,0.0,0.0,0.0,0.0,0.0,0.0,0.0,0.728974,0.385681,0.479431,826.62,19160.0,26283.5,0.352368,5.0,244.0,109.3339,110.0,46.5587,1.0,238.0,97.0538,97.0,47.3554,8.0,255.0,105.8063,102.0,51.0543,0.020356,84.451,0.350212,0.291731,46.6052,104.0647,61.2134
53,Bee,Megachile centuncularis,0.0,0.021178,1.291391,0.0,0.0,0.0,0.0,0.0,0.0,0.0,0.767792,0.591279,0.52632,687.61,15497.5,20184.5,0.411901,20.0,254.0,124.5557,119.0,48.2585,3.0,233.0,105.1065,102.0,46.4724,4.0,240.0,105.6091,98.0,46.5437,0.016475,107.7158,0.371507,0.287178,46.0711,111.7571,62.8866
54,Bee,Megachile centuncularis,0.166374,0.0,0.994253,0.0,0.0,0.0,0.0,0.0,0.0,0.0,0.612724,0.721771,0.36363,782.48,10946.0,17864.5,0.224659,8.0,229.0,111.778,104.0,54.882,1.0,239.0,99.288,91.0,55.6301,3.0,238.0,84.5203,70.0,53.4396,0.011779,119.9406,0.378157,0.287407,54.6338,98.5288,77.3601
55,Bee,Megachile centuncularis,0.394387,0.024261,1.071856,0.0,0.0,0.0,0.0,0.0,0.0,0.0,0.661633,0.584605,0.419881,815.43,12551.5,18970.5,0.23721,5.0,209.0,72.0146,67.0,40.4362,0.0,186.0,47.872,38.0,38.2104,0.0,166.0,33.6338,22.0,31.9498,0.013457,104.3178,0.469088,0.211704,37.1004,51.1735,147.6181
56,Bee,Anthidium manicatum,0.472956,0.0,0.737179,0.0,0.0,0.0,0.0,0.0,0.0,0.0,0.687673,0.749501,0.443423,529.22,7955.0,11568.0,0.356925,3.0,255.0,92.5341,80.0,52.7023,0.0,255.0,76.831,67.0,49.3717,0.0,250.0,59.8992,48.0,42.3225,0.008539,99.3138,0.403613,0.309137,48.8187,76.4215,100.7709
57,Bee,Anthidium manicatum,0.190193,0.439098,0.746753,0.0,0.0,0.0,0.0,0.0,0.0,0.0,0.645007,0.739457,0.415613,523.61,7360.5,11411.5,0.337372,6.0,255.0,94.8252,84.0,53.3777,4.0,254.0,79.9134,70.0,50.658,2.0,242.0,63.0241,50.0,43.6978,0.007914,104.9338,0.398823,0.311175,49.9574,79.2542,95.9674
58,Bee,Anthidium manicatum,0.176651,0.0,0.841772,0.0,0.0,0.0,0.0,0.0,0.0,0.0,0.715474,0.553208,0.460526,663.2,9677.5,13526.0,0.27649,4.0,255.0,74.8134,68.0,49.1179,2.0,255.0,60.4786,54.0,43.3934,2.0,255.0,52.1657,38.0,43.2412,0.010394,100.3632,0.399095,0.292143,44.566,62.4859,93.1849
59,Bee,Anthidium manicatum,0.0,0.0,0.963855,0.0,0.0,0.0,0.0,0.0,0.0,0.0,0.62021,0.671916,0.400941,764.42,10649.0,17170.0,0.229012,4.0,255.0,83.9969,74.0,57.1165,2.0,255.0,68.2536,60.0,51.2342,0.0,255.0,62.2472,42.0,54.1249,0.011455,101.9067,0.391598,0.263981,52.5171,71.4992,90.9054
60,Bee,Anthidium manicatum (+Apis mellifera),0.130775,0.329112,0.944,0.0,0.0,0.0,0.0,0.0,0.0,0.0,0.670247,0.408979,0.501254,612.11,7393.5,11031.0,0.247967,6.0,255.0,107.6594,103.0,54.7659,5.0,243.0,85.064,78.0,50.828,2.0,241.0,68.9175,57.0,46.1923,0.00798,91.4615,0.411478,0.3121,50.698,87.2136,103.132
61,Bee,Anthidium manicatum,0.0,0.050795,1.184211,0.0,0.0,0.0,0.0,0.0,0.0,0.0,0.568296,0.769763,0.370994,1003.19,15860.0,27908.0,0.198039,5.0,202.0,75.9148,71.0,49.4953,3.0,188.0,52.8723,47.0,34.148,4.0,230.0,69.765,58.0,46.4787,0.017002,92.0615,0.382342,0.157089,39.0889,66.184,91.2624
62,Bee,Anthidium manicatum,0.0,0.093508,1.478261,0.0,0.0,0.0,0.0,0.0,0.0,0.0,0.622727,0.749041,0.373881,1158.18,18712.0,30048.5,0.175298,4.0,189.0,59.2419,49.0,40.5212,0.0,176.0,40.5267,33.0,31.1368,1.0,193.0,48.9966,42.0,32.291,0.020039,117.1423,0.398224,0.204762,32.3821,49.5884,97.9313
63,Bee,Anthidium manicatum,0.28538,0.060921,0.6875,0.0,0.0,0.0,0.0,0.0,0.0,0.0,0.804065,0.906934,0.487788,625.69,12362.5,15375.0,0.396826,0.0,255.0,72.904,47.0,64.092,0.0,255.0,57.8787,35.0,57.4514,0.0,255.0,59.8801,42.0,53.367,0.01317,105.0842,0.382371,0.268686,58.2702,63.5542,86.391
64,Bee,Anthidium manicatum,0.092799,0.149907,0.725166,0.0,0.0,0.0,0.0,0.0,0.0,0.0,0.61195,0.673045,0.374051,1197.21,24739.0,40426.5,0.216896,1.0,177.0,67.2676,70.0,44.0762,0.0,170.0,50.0466,42.0,34.8712,0.0,182.0,55.2178,49.0,35.425,0.026336,112.0189,0.389885,0.204881,36.3303,57.5107,92.8382
65,Bee,Anthidium manicatum,0.037263,0.413716,1.422222,0.0,0.0,0.0,0.0,0.0,0.0,0.0,0.665131,0.732736,0.496691,1200.48,22887.5,34410.5,0.199571,0.0,183.0,59.4905,51.0,41.2379,0.0,172.0,39.9802,31.0,30.7784,0.0,188.0,52.6059,43.0,38.5849,0.024415,107.8836,0.391188,0.220326,33.0297,50.6922,99.8633
66,Bee,Anthidium manicatum,0.163333,0.304957,0.701031,0.0,0.0,0.0,0.0,0.0,0.0,0.0,0.610479,0.720223,0.388527,1342.1,23064.5,37781.0,0.160909,0.0,255.0,91.4668,94.0,65.0259,0.0,255.0,72.9278,65.0,56.9443,0.0,255.0,70.8352,58.0,58.7859,0.024654,99.8753,0.38884,0.257647,58.5983,78.4099,90.0601
67,Bee,Anthidium manicatum,0.035635,0.172042,0.56314,0.0,0.0,0.0,0.0,0.0,0.0,0.0,0.56976,0.265261,0.338515,1037.39,16365.5,28723.5,0.191096,2.0,255.0,110.3743,100.0,57.2837,0.0,255.0,89.9393,86.0,52.2912,2.0,255.0,88.188,75.0,53.422,0.017528,102.2198,0.382578,0.330837,52.7939,96.1672,79.0069
68,Bee,Anthidium manicatum,0.0,0.060376,0.932292,0.0,0.0,0.0,0.0,0.0,0.0,0.0,0.725743,0.609015,0.439304,828.36,15098.0,20803.5,0.276499,5.0,255.0,109.2202,104.0,59.6689,5.0,255.0,92.5378,89.0,54.062,5.0,255.0,84.6816,74.0,52.4883,0.016118,88.4164,0.381303,0.276611,54.841,95.4798,76.1849
69,Bee,Xylocopa,0.219689,0.164499,1.238372,0.0,0.0,0.0,0.0,0.0,0.0,0.0,0.70591,0.720701,0.454007,837.67,16633.0,23562.5,0.297875,1.0,227.0,63.1819,52.0,45.9245,1.0,215.0,61.1717,57.0,40.9469,0.0,230.0,54.6077,48.0,44.3248,0.01772,96.4631,0.353048,0.264476,40.5832,59.6538,116.2662
70,Bee,Xylocopa,0.57756,0.086216,1.77193,0.0,0.0,0.0,0.0,0.0,0.0,0.0,0.759722,0.802425,0.621027,777.36,14301.0,18824.0,0.297392,0.0,207.0,50.646,41.0,37.1918,0.0,236.0,48.7347,41.0,33.9882,0.0,255.0,44.7942,39.0,36.9393,0.015276,75.4064,0.351282,0.27494,33.4851,48.0583,116.1332
71,Hover fly,Eristalis,0.0,0.0,0.888889,0.0,0.0,0.0,0.0,0.0,0.0,0.0,0.689912,0.848623,0.450432,508.15,6356.5,9213.5,0.309347,7.0,255.0,99.3451,93.0,49.8873,4.0,255.0,73.5776,66.0,45.6614,2.0,255.0,54.4436,44.0,42.5146,0.006864,90.457,0.436939,0.288511,45.6121,75.7888,128.0657
72,Hover fly,Eristalis,0.0,0.0,3.189189,0.0,0.0,0.0,0.0,0.0,0.0,0.0,0.67258,0.956235,0.389687,606.63,6805.5,10118.5,0.232389,6.0,255.0,128.6461,137.0,60.1248,4.0,255.0,115.801,122.0,62.7298,2.0,255.0,74.5855,71.0,47.5959,0.007381,105.4794,0.403238,0.277025,58.5211,106.3442,123.2227
73,Hover fly,Eristalis,0.0,0.398518,1.031088,0.0,0.0,0.0,0.0,0.0,0.0,0.0,0.70284,0.683847,0.445947,911.35,17127.5,24369.0,0.259142,8.0,255.0,135.7182,142.0,55.4186,0.0,255.0,118.3693,125.0,60.376,0.0,255.0,91.7844,87.0,59.0989,0.018281,108.7663,0.392394,0.298063,57.6303,115.2907,101.0753
74,Hover fly,Eristalis,0.093824,0.134225,0.868687,0.0,0.0,0.0,0.0,0.0,0.0,0.0,0.734102,0.728503,0.467113,797.45,15908.0,21670.0,0.314357,8.0,255.0,128.2268,130.0,47.3054,4.0,255.0,108.7505,109.0,53.3306,2.0,255.0,76.2262,69.0,45.3964,0.016953,111.7318,0.409404,0.233487,49.0877,104.4012,116.3795
75,Bee,Macropis fulvipes ?,0.30979,0.0,0.785047,0.0,0.0,0.0,0.0,0.0,0.0,0.0,0.733609,0.868807,0.483645,486.19,4347.0,5925.5,0.231092,13.0,255.0,105.454,91.0,59.2196,7.0,255.0,81.5493,67.0,53.9523,5.0,255.0,78.5085,64.0,52.8239,0.004752,107.1915,0.397172,0.341736,54.848,88.5039,86.5662
76,Hover fly,Eristalis,0.059883,0.387393,1.866071,0.0,0.0,0.0,0.0,0.0,0.0,0.0,0.78408,0.871734,0.535907,626.43,12544.5,15999.0,0.401711,2.0,255.0,110.9279,111.0,60.1396,0.0,255.0,90.612,98.0,56.7749,0.0,255.0,64.5316,62.0,47.3101,0.013367,119.2359,0.41691,0.276652,55.807,88.6905,121.9219
77,Bee,Macropis fulvipes ?,0.204297,0.040158,0.853333,0.0,0.0,0.0,0.0,0.0,0.0,0.0,0.566446,0.823549,0.341328,623.75,6553.5,11569.5,0.211673,0.0,255.0,84.8947,77.0,52.7349,0.0,255.0,69.0614,59.0,49.6278,0.0,255.0,67.0882,55.0,49.539,0.007123,102.8334,0.384062,0.342644,49.7692,73.6814,79.8564
78,Wasp,Vespula germanica,0.307828,0.109923,0.824427,0.0,0.0,0.0,0.0,0.0,0.0,0.0,0.511009,0.5416,0.317836,1293.84,17987.0,35199.0,0.135023,1.0,232.0,84.0906,72.0,60.0555,0.0,232.0,73.0443,56.0,56.9842,0.0,224.0,44.2736,31.0,40.039,0.019353,117.7167,0.417513,0.250928,54.9505,67.1362,115.4256
79,Wasp,Vespula germanica,0.0,0.273824,0.574074,0.0,0.0,0.0,0.0,0.0,0.0,0.0,0.634947,0.938812,0.441066,986.83,11813.5,18605.5,0.152443,5.0,255.0,85.2328,86.0,60.4971,3.0,250.0,65.0212,59.0,48.6889,0.0,254.0,43.9106,26.0,44.684,0.012754,115.8822,0.438972,0.225253,50.4765,64.7216,124.7886
80,Wasp,Vespula germanica,0.535477,0.202262,0.515556,0.0,0.0,0.0,0.0,0.0,0.0,0.0,0.668914,0.931308,0.452414,918.01,11808.0,17652.5,0.176071,2.0,255.0,76.3857,71.0,57.5229,0.0,255.0,59.1075,47.0,48.5842,0.0,249.0,43.4264,21.0,47.858,0.012736,110.6226,0.426927,0.246585,49.7048,59.6399,114.3816
81,Wasp,Vespula germanica,0.320335,0.155903,0.518072,0.0,0.0,0.0,0.0,0.0,0.0,0.0,0.626226,0.902228,0.452973,1086.94,14491.5,23141.0,0.154138,3.0,255.0,88.1587,87.0,60.0713,3.0,246.0,68.8164,59.0,52.7423,0.0,251.0,48.6398,25.0,49.4559,0.015624,114.0607,0.428756,0.223148,53.2759,68.5383,122.1878
82,Dragonfly,Aeshnidae,0.112487,0.154202,0.53125,0.0,0.0,0.0,0.0,0.0,0.0,0.0,0.323989,0.821426,0.190996,2486.63,37508.5,115771.0,0.076229,4.0,235.0,112.9623,116.0,56.0624,3.0,225.0,96.3223,95.0,53.2878,0.0,226.0,75.1404,65.0,50.0484,0.04024,154.9149,0.39716,0.300285,53.4039,94.8083,95.4209
83,Butterfly,Papilio machaon,0.650799,0.30764,0.590793,0.0,0.0,0.0,0.0,0.0,0.0,0.0,0.768388,0.84348,0.495167,2356.81,178896.0,232820.0,0.404725,2.0,255.0,93.7796,66.0,78.4613,1.0,243.0,83.5223,54.0,72.5201,0.0,233.0,61.5115,41.0,53.0213,0.187445,118.428,0.39269,0.150261,71.8265,79.6045,84.8859
84,Bumblebee,Bombus hortorum,0.444995,0.0,1.125,0.0,0.0,0.0,0.0,0.0,0.0,0.0,0.850303,0.856966,0.510634,488.82,9412.0,11069.0,0.49499,1.0,239.0,100.0736,95.0,69.1459,0.0,218.0,84.674,70.0,65.1969,2.0,255.0,81.9824,67.0,66.3882,0.01582,125.4245,0.375187,0.283444,66.1391,88.91,73.8043
85,Bumblebee,Bombus hortorum x2,0.4019,0.010312,0.748649,0.0,0.0,0.0,0.0,0.0,0.0,0.0,0.723526,0.621347,0.487174,1709.68,49930.5,69010.0,0.214658,5.0,234.0,77.7382,76.0,52.7698,0.0,179.0,22.5712,13.0,25.2538,0.0,152.0,22.7396,13.0,25.3562,0.052868,132.4907,0.631766,0.101314,29.2343,41.0163,170.9339
86,Bumblebee,Bombus hortorum,0.381201,0.0,0.973568,0.0,0.0,0.0,0.0,0.0,0.0,0.0,0.798741,0.850256,0.476598,996.54,23909.5,29934.0,0.302545,0.0,255.0,91.8206,87.0,65.9875,0.0,255.0,73.8145,61.0,58.4506,0.0,255.0,62.0058,46.0,55.7183,0.025378,103.5222,0.403357,0.205517,59.2046,75.8803,91.6161
87,Bumblebee,Bombus hortorum,0.663041,0.092501,0.530364,0.0,0.0,0.0,0.0,0.0,0.0,0.0,0.879209,0.872324,0.745156,768.07,24111.0,27423.5,0.513594,1.0,255.0,67.6108,45.0,63.5524,0.0,255.0,52.7518,27.0,58.3553,0.0,255.0,37.9768,18.0,54.0916,0.025479,115.5217,0.426999,0.160507,58.299,52.7798,112.5357
88,Bumblebee,Bombus hortorum x2,0.524319,0.276606,0.841924,0.0,0.0,0.0,0.0,0.0,0.0,0.0,0.826405,0.574949,0.576078,1166.45,41071.5,49699.0,0.379332,6.0,244.0,90.5952,88.0,57.6005,0.0,202.0,39.0558,31.0,34.4259,0.0,170.0,39.1571,26.0,35.9551,0.043321,126.8425,0.536676,0.149923,39.4514,56.2694,155.2919
89,Bumblebee,Bombus hortorum,0.16823,0.682858,1.076503,0.0,0.0,0.0,0.0,0.0,0.0,0.0,0.799132,0.516894,0.518446,786.23,18690.5,23388.5,0.379952,2.0,196.0,81.5127,91.0,54.2376,1.0,178.0,70.0601,69.0,51.0077,1.0,181.0,65.4595,51.0,50.6117,0.019849,112.4638,0.375579,0.129415,51.1557,72.3441,64.9277
90,Bumblebee,Bombus pascuorum,0.465316,0.100157,0.99435,0.0,0.0,0.0,0.0,0.0,0.0,0.0,0.769444,0.543662,0.604809,939.96,18841.0,24486.5,0.267978,2.0,255.0,81.1232,74.0,48.9832,0.0,251.0,59.0704,50.0,41.6806,0.0,255.0,57.0308,45.0,43.8842,0.019738,110.8928,0.411325,0.238231,42.8862,65.7415,101.987
91,Bumblebee,Bombus hortorum,0.0,0.0,0.864583,0.0,0.0,0.0,0.0,0.0,0.0,0.0,0.868159,0.852902,0.522298,971.55,37455.0,43143.0,0.498639,4.0,255.0,89.4592,80.0,64.1229,0.0,255.0,71.1525,56.0,57.3371,0.0,255.0,55.7207,41.0,50.1345,0.039469,110.5163,0.413527,0.224571,57.5671,72.1108,105.4301
92,Bumblebee,Bombus hortorum,0.0,0.044955,1.273438,0.0,0.0,0.0,0.0,0.0,0.0,0.0,0.704441,0.624129,0.384903,1123.65,32122.5,45600.0,0.319708,3.0,219.0,81.0898,85.0,53.3185,3.0,208.0,68.2981,66.0,48.4963,1.0,255.0,71.6975,62.0,56.9869,0.033995,101.1179,0.36678,0.167489,50.0566,73.6951,74.7784
93,Bumblebee,Bombus hortorum,0.45262,0.58744,1.094017,0.0,0.0,0.0,0.0,0.0,0.0,0.0,0.913151,0.655894,0.614926,885.71,36836.5,40340.0,0.590068,2.0,223.0,75.5462,68.0,51.1181,1.0,213.0,56.1106,45.0,43.9178,0.0,240.0,42.4179,30.0,40.128,0.038786,93.9062,0.433987,0.132026,44.643,58.0249,117.3953
94,Bumblebee,Bombus hortorum,0.135248,0.0,1.157191,0.0,0.0,0.0,0.0,0.0,0.0,0.0,0.619777,0.710901,0.389208,1439.98,38054.0,61399.5,0.23062,4.0,255.0,96.5404,92.0,61.3191,4.0,255.0,83.543,68.0,61.4788,0.0,255.0,44.7854,38.0,38.1528,0.040343,99.309,0.429319,0.169098,56.8646,74.9563,125.7367
95,Bumblebee,Bombus hortorum,0.0,0.23328,0.772358,0.0,0.0,0.0,0.0,0.0,0.0,0.0,0.8544,0.837485,0.584991,871.71,27342.5,32002.0,0.45217,2.0,255.0,71.6904,55.0,61.7296,0.0,255.0,54.9503,39.0,50.0728,0.0,255.0,31.6057,22.0,30.4296,0.02889,87.8909,0.45303,0.192868,49.9288,52.7488,122.7214
96,Bumblebee,Bombus hortorum,0.457563,0.36576,0.662069,0.0,0.0,0.0,0.0,0.0,0.0,0.0,0.898151,0.696359,0.622108,970.36,34639.0,38567.0,0.462287,2.0,255.0,105.8886,107.0,64.4074,1.0,255.0,87.9981,89.0,56.0861,0.0,255.0,64.0681,54.0,50.4042,0.036547,99.9201,0.410493,0.251703,56.5252,85.9849,101.2813
97,Bumblebee,Bombus hortorum,0.700303,0.721294,0.628763,0.0,0.0,0.0,0.0,0.0,0.0,0.0,0.881465,0.805827,0.652129,938.6,36657.5,41587.0,0.522891,4.0,255.0,100.6006,95.0,69.5337,0.0,255.0,81.1748,67.0,64.16,0.0,255.0,70.2053,50.0,63.6729,0.038632,107.0056,0.399239,0.264405,64.849,83.9935,95.3608
98,Bumblebee,Bombus hortorum,0.111646,0.0,0.8,0.0,0.0,0.0,0.0,0.0,0.0,0.0,0.715329,0.758887,0.538965,1206.0,24835.5,34719.0,0.214581,1.0,170.0,53.4449,29.0,50.0657,1.0,161.0,49.7941,21.0,51.0873,0.0,183.0,40.7081,14.0,45.3513,0.026448,127.8166,0.371281,0.104332,49.5567,47.9824,68.1983
99,Bumblebee,Bombus hortorum,0.093106,0.248246,1.644068,0.0,0.0,0.0,0.0,0.0,0.0,0.0,0.852922,0.773977,0.66855,975.33,34435.0,40373.0,0.454892,1.0,237.0,60.0141,53.0,44.5051,0.0,207.0,44.6959,31.0,37.3096,0.0,246.0,34.3194,21.0,32.6752,0.036334,94.0735,0.431665,0.096872,38.3171,46.3431,118.6992
100,Bumblebee,Bombus hortorum,0.471079,0.476164,1.004831,0.0,0.0,0.0,0.0,0.0,0.0,0.0,0.787156,0.590089,0.555393,941.13,23913.0,30379.0,0.339272,0.0,255.0,57.1745,36.0,51.5286,0.0,255.0,48.6877,28.0,46.1842,0.0,255.0,43.1053,22.0,44.1981,0.025353,114.416,0.383805,0.144377,46.8815,49.6558,68.0843
101,Bumblebee,Bombus hortorum,0.516799,0.339789,1.471264,0.0,0.0,0.0,0.0,0.0,0.0,0.0,0.755266,0.757845,0.544518,972.44,24255.0,32114.5,0.322318,1.0,255.0,79.6903,76.0,58.3372,2.0,255.0,64.6818,53.0,52.4569,0.0,255.0,56.6382,41.0,50.622,0.025724,101.8833,0.396449,0.183073,53.2346,67.0034,91.0581
102,Bumblebee,Bombus hortorum,0.366782,0.080649,1.054299,0.0,0.0,0.0,0.0,0.0,0.0,0.0,0.768605,0.759519,0.4886,954.06,25159.5,32734.0,0.347348,1.0,255.0,68.8863,52.0,60.0493,2.0,255.0,55.9952,38.0,52.2961,1.0,255.0,49.9983,29.0,52.3962,0.026659,112.375,0.393906,0.157191,53.6818,58.2933,79.4766
103,Bumblebee,Bombus hortorum,0.559816,0.60209,0.803089,0.0,0.0,0.0,0.0,0.0,0.0,0.0,0.783105,0.615874,0.495851,916.46,26712.5,34111.0,0.399668,1.0,250.0,81.3256,84.0,59.1006,1.0,249.0,66.7767,59.0,51.9842,0.0,255.0,58.2623,45.0,49.9084,0.028264,115.4807,0.394087,0.148196,52.7162,68.7882,81.7247
104,Bumblebee,Bombus hortorum,0.256394,0.19287,0.982979,0.0,0.0,0.0,0.0,0.0,0.0,0.0,0.711155,0.663602,0.432477,991.9,23477.0,33012.5,0.299861,3.0,207.0,76.3766,57.0,61.9245,2.0,205.0,69.9366,44.0,62.6468,0.0,243.0,60.4482,40.0,56.2023,0.02492,96.851,0.369395,0.161226,60.9299,68.9205,79.5209
105,Bumblebee,Bombus hortorum,0.800127,0.342975,1.458904,0.0,0.0,0.0,0.0,0.0,0.0,0.0,0.921748,0.806791,0.721574,670.78,22439.5,24344.5,0.626711,4.0,255.0,80.1061,66.0,61.2159,2.0,255.0,61.0718,43.0,56.7583,0.0,255.0,53.889,31.0,57.1522,0.023698,104.0729,0.41066,0.178198,57.3139,65.0223,105.9071
106,Bumblebee,Bombus hortorum,0.260408,0.197634,0.802198,0.0,0.0,0.0,0.0,0.0,0.0,0.0,0.72996,0.545194,0.497976,1104.48,29772.5,40786.5,0.306696,1.0,255.0,68.0927,66.0,44.3592,0.0,255.0,51.908,49.0,36.2511,0.0,255.0,40.4771,37.0,29.5916,0.031536,103.4385,0.424312,0.212254,36.7735,53.4926,104.3592
107,Bumblebee,Bombus hortorum,0.0,0.0,1.120482,0.0,0.0,0.0,0.0,0.0,0.0,0.0,0.777926,0.244863,0.660983,796.52,20408.5,26234.5,0.404232,7.0,255.0,108.3522,110.0,58.8001,0.0,255.0,83.7028,83.0,51.4523,0.0,255.0,64.127,60.0,38.4631,0.02164,124.5261,0.42295,0.249687,50.8897,85.394,103.1291
108,Bumblebee,Bombus hortorum,0.644551,0.009755,0.767956,0.0,0.0,0.0,0.0,0.0,0.0,0.0,0.827841,0.694171,0.573095,606.63,14418.5,17417.0,0.492352,4.0,244.0,71.327,70.0,45.0788,3.0,229.0,54.7882,47.0,39.2696,1.0,255.0,52.5429,41.0,43.1077,0.015311,123.4199,0.399237,0.212395,40.6458,59.5527,90.3866
109,Bumblebee,Bombus hortorum,0.184428,0.217968,1.095541,0.0,0.0,0.0,0.0,0.0,0.0,0.0,0.538064,0.347244,0.284768,1402.85,30759.5,57167.0,0.196411,2.0,219.0,81.8728,81.0,50.774,0.0,207.0,65.765,55.0,48.7274,0.0,254.0,46.8742,43.0,35.5878,0.032706,127.0377,0.420914,0.137971,47.2435,64.8373,117.4098
110,Bumblebee,Bombus hortorum,0.678488,0.217338,1.098446,0.0,0.0,0.0,0.0,0.0,0.0,0.0,0.804793,0.604099,0.499878,840.36,20453.0,25414.0,0.363948,4.0,232.0,73.2305,75.0,45.5492,3.0,199.0,64.118,68.0,40.6751,1.0,226.0,37.5872,33.0,29.2229,0.021693,99.7355,0.418614,0.172581,39.5491,58.3119,117.1732
111,Bumblebee,Bombus hortorum,0.238404,0.0246,1.034146,0.0,0.0,0.0,0.0,0.0,0.0,0.0,0.797963,0.737207,0.470479,849.27,20447.0,25624.0,0.356245,3.0,255.0,76.995,68.0,55.4928,2.0,255.0,64.8309,50.0,52.4992,1.0,255.0,57.7137,40.0,50.5432,0.021693,107.044,0.385863,0.212149,52.44,66.5132,84.3085
112,Bumblebee,Bombus hortorum,0.385544,0.289487,1.070866,0.0,0.0,0.0,0.0,0.0,0.0,0.0,0.900908,0.620087,0.610142,933.37,42153.5,46790.0,0.608046,0.0,255.0,73.9085,64.0,59.4028,0.0,255.0,57.9093,48.0,51.3857,0.0,255.0,57.8474,45.0,54.2905,0.044349,107.6344,0.389679,0.189243,53.2423,63.2217,76.0189
113,Bumblebee,Bombus hortorum,0.333817,0.518262,1.363128,0.0,0.0,0.0,0.0,0.0,0.0,0.0,0.881111,0.749225,0.623683,805.67,27240.0,30915.5,0.527353,1.0,251.0,56.4856,28.0,57.699,1.0,250.0,46.5716,17.0,52.9882,0.0,253.0,40.887,15.0,50.2853,0.028752,103.7289,0.392413,0.134845,53.631,47.9814,86.4138
114,Bumblebee,Bombus hortorum,0.415763,0.418025,0.978261,0.0,0.0,0.0,0.0,0.0,0.0,0.0,0.761056,0.713196,0.524019,860.46,17355.5,22804.5,0.294569,2.0,255.0,59.8509,41.0,49.7352,0.0,255.0,47.9728,29.0,43.0352,1.0,255.0,41.4181,23.0,40.5891,0.018488,96.9479,0.401033,0.19636,44.0952,49.7473,80.5021
115,Bumblebee,Bombus hortorum,0.0,0.0,0.688235,0.0,0.0,0.0,0.0,0.0,0.0,0.0,0.935904,0.795115,0.691176,528.92,13747.5,14689.0,0.617526,2.0,255.0,48.2134,27.0,45.9692,0.0,255.0,35.0342,19.0,35.0901,0.0,255.0,28.5762,15.0,36.0254,0.014568,115.4177,0.431155,0.148087,37.5217,37.2746,98.6531
116,Bumblebee,Bombus hortorum,0.544884,0.0,1.335165,0.0,0.0,0.0,0.0,0.0,0.0,0.0,0.882761,0.806302,0.620144,843.63,27426.5,31069.0,0.484258,1.0,255.0,44.0858,29.0,41.6321,0.0,241.0,34.1252,18.0,36.4741,0.0,255.0,23.407,14.0,29.1494,0.02897,112.3588,0.433839,0.110208,36.3989,33.8727,106.8484
117,Bumblebee,Bombus hortorum,0.003212,0.24835,1.064516,0.0,0.0,0.0,0.0,0.0,0.0,0.0,0.83234,0.618552,0.513227,969.27,33602.0,40370.5,0.449455,2.0,255.0,79.3218,76.0,54.6813,0.0,255.0,63.9653,58.0,48.7814,0.0,255.0,44.226,35.0,37.262,0.035458,88.8176,0.42302,0.195212,48.0847,62.5044,112.0395
118,Bumblebee,Bombus hortorum,0.054816,0.358913,0.857143,0.0,0.0,0.0,0.0,0.0,0.0,0.0,0.759945,0.409178,0.554428,1075.61,35418.0,46606.0,0.3847,0.0,238.0,51.68,30.0,49.974,0.0,201.0,43.6874,19.0,45.4967,0.0,255.0,43.6469,19.0,46.8057,0.037243,115.2482,0.37176,0.099041,46.6325,46.3381,61.0934
119,Bumblebee,Bombus hortorum,0.186624,0.0,1.146199,0.0,0.0,0.0,0.0,0.0,0.0,0.0,0.686796,0.498427,0.434002,803.47,14546.0,21179.5,0.283148,6.0,255.0,98.8174,95.0,58.7682,3.0,255.0,84.9952,77.0,59.4566,3.0,255.0,76.3553,62.0,57.7581,0.015525,102.4088,0.379821,0.258521,58.3542,86.7226,85.4739
120,Bumblebee,Bombus hortorum,0.945656,0.943102,0.666667,-0.30103,-0.60206,-0.90309,-0.90309,-1.80618,-1.20412,0.0,1.0,0.0,0.997918,3996.0,958001.0,958001.0,0.753919,10.0,255.0,111.3827,110.0,38.172,0.0,242.0,124.3147,128.0,31.3323,0.0,255.0,70.4571,61.0,41.8023,0.971551,70.7867,0.406052,0.023088,31.4246,102.0515,129.928
121,Bumblebee,Bombus hortorum,0.975133,0.988978,0.666667,-0.30103,-0.60206,-0.90309,-0.90309,-1.80618,-1.20412,0.0,1.0,0.0,0.997918,3996.0,958001.0,958001.0,0.753919,4.0,246.0,131.05,134.0,30.3017,0.0,221.0,116.8562,120.0,33.6434,6.0,255.0,118.0906,119.0,38.4979,0.981606,43.724,0.358063,0.01055,31.6977,121.9989,48.8458
122,Bumblebee,Bombus hortorum,0.963455,0.970331,0.666667,-0.30103,-0.60206,-0.90309,-0.90309,-1.80618,-1.20412,0.0,1.0,0.0,0.997918,3996.0,958001.0,958001.0,0.753919,12.0,255.0,118.9187,118.0,43.5912,0.0,251.0,114.7226,119.0,47.047,6.0,255.0,88.0272,82.0,46.5938,0.972859,66.3822,0.369693,0.014473,44.1893,107.2229,93.123
123,Bumblebee,Bombus hortorum,0.957392,0.944249,0.666667,-0.30103,-0.60206,-0.90309,-0.90309,-1.80618,-1.20412,0.0,1.0,0.0,0.997918,3996.0,958001.0,958001.0,0.753919,6.0,255.0,134.0154,132.0,40.1256,0.0,255.0,123.534,132.0,36.7045,1.0,255.0,89.8915,80.0,46.5144,0.969708,95.8514,0.385722,0.032348,35.5875,115.8136,107.6321
124,Bumblebee,Bombus hortorum,0.934598,0.934598,0.666667,-0.30103,-0.60206,-0.90309,-0.90309,-1.80618,-1.20412,0.0,1.0,0.0,0.997918,3996.0,958001.0,958001.0,0.753919,5.0,255.0,94.4768,82.0,55.246,6.0,255.0,110.1853,107.0,51.1194,0.0,255.0,81.0131,60.0,55.0167,0.967299,64.2151,0.385701,0.073201,50.6585,95.2251,93.6506
125,Bumblebee,Bombus hortorum,0.972798,0.956491,0.666667,-0.30103,-0.60206,-0.90309,-0.90309,-1.80618,-1.20412,0.0,1.0,0.0,0.997918,3996.0,958001.0,958001.0,0.753919,0.0,255.0,82.3014,58.0,56.498,1.0,255.0,85.7913,64.0,53.5204,0.0,255.0,71.8884,44.0,62.2109,0.961085,52.6197,0.357492,0.072055,54.9482,79.9937,82.1503
126,Bumblebee,Bombus hortorum,0.970887,0.983501,0.666667,-0.30103,-0.60206,-0.90309,-0.90309,-1.80618,-1.20412,0.0,1.0,0.0,0.997918,3996.0,958001.0,958001.0,0.753919,6.0,255.0,153.5652,163.0,37.5976,3.0,216.0,112.64,120.0,33.4635,0.0,255.0,115.8847,114.0,45.3907,0.959107,64.6638,0.401909,0.012343,34.6592,127.3633,87.0845
127,Bumblebee,Bombus hortorum,0.935694,0.964627,0.666667,-0.30103,-0.60206,-0.90309,-0.90309,-1.80618,-1.20412,0.0,1.0,0.0,0.997918,3996.0,958001.0,958001.0,0.753919,12.0,255.0,117.1532,111.0,37.9965,0.0,255.0,123.337,124.0,33.9271,2.0,255.0,97.5497,85.0,46.0801,0.967847,72.5981,0.364859,0.033022,34.0713,112.68,88.2444
128,Bumblebee,Bombus hortorum,0.915146,0.957751,0.666667,-0.30103,-0.60206,-0.90309,-0.90309,-1.80618,-1.20412,0.0,1.0,0.0,0.997918,3996.0,958001.0,958001.0,0.753919,4.0,251.0,109.3374,115.0,45.3878,0.0,221.0,106.9827,113.0,50.5728,0.0,255.0,117.2801,124.0,52.2371,0.957573,49.6159,0.351559,0.025349,48.4851,111.2,49.1942
129,Bumblebee,Bombus hortorum,0.948785,0.96328,0.666667,-0.30103,-0.60206,-0.90309,-0.90309,-1.80618,-1.20412,0.0,1.0,0.0,0.997918,3996.0,958001.0,958001.0,0.753919,12.0,255.0,140.4702,142.0,33.085,0.0,249.0,127.4975,138.0,37.1847,1.0,255.0,103.4889,98.0,47.1897,0.969742,68.6135,0.37816,0.03244,33.5089,123.8189,95.5093
130,Bumblebee,Bombus hortorum,0.979496,0.99144,0.666667,-0.30103,-0.60206,-0.90309,-0.90309,-1.80618,-1.20412,0.0,1.0,0.0,0.997918,3996.0,958001.0,958001.0,0.753919,2.0,255.0,105.3596,101.0,42.692,1.0,247.0,101.7542,104.0,40.1612,7.0,255.0,93.5678,77.0,53.3712,0.979809,60.3539,0.350403,0.05272,38.6832,100.2272,105.9224
131,Bumblebee,Bombus hortorum,0.978813,0.934373,0.666667,-0.30103,-0.60206,-0.90309,-0.90309,-1.80618,-1.20412,0.0,1.0,0.0,0.997918,3996.0,958001.0,958001.0,0.753919,2.0,255.0,111.9846,114.0,36.2148,0.0,247.0,99.9406,104.0,38.9804,0.0,255.0,107.8468,113.0,41.459,0.966947,58.0939,0.350201,0.031892,37.3419,106.5907,45.4816
132,Bumblebee,Bombus hortorum,0.938338,0.939768,0.666667,-0.30103,-0.60206,-0.90309,-0.90309,-1.80618,-1.20412,0.0,1.0,0.0,0.997918,3996.0,958001.0,958001.0,0.753919,4.0,255.0,127.905,133.0,30.7893,0.0,255.0,120.1531,129.0,36.6812,0.0,255.0,125.0822,132.0,36.1479,0.969169,52.7454,0.34278,0.025355,33.5775,124.3801,31.9118
133,Bumblebee,Bombus hortorum,0.930641,0.927845,0.666667,-0.30103,-0.60206,-0.90309,-0.90309,-1.80618,-1.20412,0.0,1.0,0.0,0.997918,3996.0,958001.0,958001.0,0.753919,18.0,255.0,109.1981,100.0,42.1808,4.0,250.0,117.2586,115.0,34.1191,17.0,255.0,97.547,81.0,50.7881,0.961105,79.9977,0.361905,0.010202,36.9864,108.0012,78.7348
134,Bumblebee,Bombus hortorum,0.956677,0.92241,0.666667,-0.30103,-0.60206,-0.90309,-0.90309,-1.80618,-1.20412,0.0,1.0,0.0,0.997918,3996.0,958001.0,958001.0,0.753919,7.0,255.0,118.898,112.0,43.8575,0.0,255.0,105.1494,103.0,40.3006,0.0,255.0,102.5187,89.0,53.9763,0.961205,58.7785,0.364086,0.022966,40.8818,108.8553,77.1555
135,Bumblebee,Bombus hortorum,0.969948,0.973183,0.666667,-0.30103,-0.60206,-0.90309,-0.90309,-1.80618,-1.20412,0.0,1.0,0.0,0.997918,3996.0,958001.0,958001.0,0.753919,11.0,255.0,105.2731,100.0,52.1536,1.0,255.0,118.1742,114.0,53.9013,0.0,255.0,62.8397,47.0,42.8857,0.979988,84.8426,0.412782,0.021696,50.0685,95.429,136.2449
136,Bumblebee,Bombus hortorum,0.984453,0.949082,0.666667,-0.30103,-0.60206,-0.90309,-0.90309,-1.80618,-1.20412,0.0,1.0,0.0,0.997918,3996.0,958001.0,958001.0,0.753919,4.0,255.0,140.7245,143.0,38.5194,0.0,251.0,130.1936,135.0,45.4744,0.0,255.0,122.1378,118.0,51.4107,0.964341,49.5323,0.358027,0.019326,42.6281,131.0186,61.3881
137,Bumblebee,Bombus hortorum,0.985324,0.988653,0.666667,-0.30103,-0.60206,-0.90309,-0.90309,-1.80618,-1.20412,0.0,1.0,0.0,0.997918,3996.0,958001.0,958001.0,0.753919,12.0,255.0,134.7246,134.0,27.5077,0.0,255.0,129.8069,135.0,32.9519,0.0,255.0,100.4548,99.0,31.3319,0.978368,73.7421,0.369122,0.025299,29.016,121.6621,77.6088
138,Bumblebee,Bombus hortorum,0.98224,0.968731,0.666667,-0.30103,-0.60206,-0.90309,-0.90309,-1.80618,-1.20412,0.0,1.0,0.0,0.997918,3996.0,958001.0,958001.0,0.753919,4.0,255.0,132.1954,132.0,46.9192,0.0,255.0,123.4669,123.0,47.306,0.0,255.0,82.5087,72.0,52.5655,0.970705,42.1147,0.390913,0.034779,44.9592,112.7237,122.2246
139,Bumblebee,Bombus pascuorum,0.977959,0.969144,0.666667,-0.30103,-0.60206,-0.90309,-0.90309,-1.80618,-1.20412,0.0,1.0,0.0,0.997918,3996.0,958001.0,958001.0,0.753919,9.0,235.0,94.5392,85.0,48.0978,14.0,238.0,113.9884,117.0,42.0373,4.0,255.0,72.6458,58.0,48.5157,0.975729,93.3623,0.405403,0.016571,43.1293,93.7244,113.9813
140,Bumblebee,Bombus pascuorum,0.956507,0.984661,0.666667,-0.30103,-0.60206,-0.90309,-0.90309,-1.80618,-1.20412,0.0,1.0,0.0,0.997918,3996.0,958001.0,958001.0,0.753919,20.0,254.0,73.0227,56.0,43.7397,12.0,241.0,90.5579,81.0,33.1567,14.0,255.0,68.8262,47.0,53.3638,0.978221,117.5122,0.389653,0.01722,37.8822,77.4689,101.1552
141,Bumblebee,Bombus pascuorum,0.973655,0.959173,0.666667,-0.30103,-0.60206,-0.90309,-0.90309,-1.80618,-1.20412,0.0,1.0,0.0,0.997918,3996.0,958001.0,958001.0,0.753919,14.0,255.0,75.5878,56.0,47.1661,8.0,241.0,90.7227,81.0,35.4379,0.0,255.0,73.8536,46.0,58.4256,0.979586,110.3986,0.377753,0.021414,40.7193,80.0547,100.6343
142,Bumblebee,Bombus pascuorum,0.962896,0.962896,0.666667,-0.30103,-0.60206,-0.90309,-0.90309,-1.80618,-1.20412,0.0,1.0,0.0,0.997918,3996.0,958001.0,958001.0,0.753919,13.0,255.0,72.8679,59.0,46.293,20.0,243.0,89.5033,86.0,36.485,13.0,255.0,73.7273,67.0,39.7433,0.981448,104.9406,0.379093,0.011936,38.076,78.6995,85.0179
143,Bumblebee,Bombus pascuorum,0.986082,0.996083,0.666667,-0.30103,-0.60206,-0.90309,-0.90309,-1.80618,-1.20412,0.0,1.0,0.0,0.997918,3996.0,958001.0,958001.0,0.753919,23.0,255.0,116.3365,114.0,36.6414,0.0,255.0,116.7385,119.0,27.1822,13.0,255.0,75.7003,73.0,30.4323,0.991479,102.4846,0.378069,0.019575,28.6899,102.9251,104.1833
144,Bumblebee,Bombus pascuorum,0.982535,0.995067,0.666667,-0.30103,-0.60206,-0.90309,-0.90309,-1.80618,-1.20412,0.0,1.0,0.0,0.997918,3996.0,958001.0,958001.0,0.753919,23.0,255.0,115.5339,114.0,38.5044,0.0,250.0,118.8593,122.0,30.2326,16.0,255.0,76.2466,75.0,31.6553,0.991268,95.9233,0.382627,0.018601,31.2052,103.5466,104.3846
145,Bumblebee,Bombus pascuorum,0.98414,0.986503,0.666667,-0.30103,-0.60206,-0.90309,-0.90309,-1.80618,-1.20412,0.0,1.0,0.0,0.997918,3996.0,958001.0,958001.0,0.753919,17.0,255.0,106.357,105.0,38.7745,0.0,255.0,109.7298,112.0,30.5797,8.0,255.0,69.2927,67.0,31.2992,0.99207,88.814,0.384505,0.020256,31.5673,95.1265,107.8998
146,Bumblebee,Bombus pascuorum,0.986815,0.957406,0.666667,-0.30103,-0.60206,-0.90309,-0.90309,-1.80618,-1.20412,0.0,1.0,0.0,0.997918,3996.0,958001.0,958001.0,0.753919,32.0,255.0,111.2148,105.0,38.2038,0.0,254.0,114.3407,114.0,34.6467,0.0,255.0,65.4996,59.0,32.4877,0.972896,92.3728,0.392849,0.007853,32.2668,97.0184,120.5991
147,Bumblebee,Bombus pascuorum,0.979432,0.981093,0.666667,-0.30103,-0.60206,-0.90309,-0.90309,-1.80618,-1.20412,0.0,1.0,0.0,0.997918,3996.0,958001.0,958001.0,0.753919,42.0,255.0,118.5396,115.0,33.5453,18.0,249.0,122.3496,118.0,36.2693,3.0,255.0,64.3954,61.0,23.6995,0.978417,123.9721,0.400772,0.009456,33.0271,101.7615,126.4179
148,Bumblebee,Bombus pascuorum,0.949916,0.94234,0.666667,-0.30103,-0.60206,-0.90309,-0.90309,-1.80618,-1.20412,0.0,1.0,0.0,0.997918,3996.0,958001.0,958001.0,0.753919,28.0,255.0,132.3732,127.0,23.8581,0.0,218.0,127.0457,128.0,27.2295,0.0,226.0,78.9791,74.0,23.9068,0.97117,74.7635,0.391176,0.011189,21.7927,112.7993,109.1115
149,Bumblebee,Bombus pascuorum,0.969479,0.992404,0.666667,-0.30103,-0.60206,-0.90309,-0.90309,-1.80618,-1.20412,0.0,1.0,0.0,0.997918,3996.0,958001.0,958001.0,0.753919,15.0,255.0,112.9207,112.0,39.3308,3.0,250.0,120.1312,124.0,37.5859,7.0,255.0,91.4858,84.0,44.0259,0.98474,119.2001,0.370161,0.02507,36.9107,108.1792,90.1706
150,Bumblebee,Bombus pascuorum,0.966573,0.967856,0.666667,-0.30103,-0.60206,-0.90309,-0.90309,-1.80618,-1.20412,0.0,1.0,0.0,0.997918,3996.0,958001.0,958001.0,0.753919,9.0,253.0,101.0833,96.0,39.8105,0.0,236.0,97.2026,96.0,37.4976,7.0,255.0,92.798,82.0,48.8411,0.983286,84.2164,0.347265,0.022505,37.349,97.0279,77.7036
151,Bumblebee,Bombus pascuorum,0.993195,0.99414,0.666667,-0.30103,-0.60206,-0.90309,-0.90309,-1.80618,-1.20412,0.0,1.0,0.0,0.997918,3996.0,958001.0,958001.0,0.753919,11.0,255.0,108.8077,109.0,27.7639,0.0,244.0,102.991,107.0,26.8962,0.0,255.0,91.2999,88.0,31.7254,0.985841,87.2244,0.358984,0.013184,25.9946,101.0329,54.9923
152,Bumblebee,Bombus pascuorum,0.976686,0.963504,0.666667,-0.30103,-0.60206,-0.90309,-0.90309,-1.80618,-1.20412,0.0,1.0,0.0,0.997918,3996.0,958001.0,958001.0,0.753919,13.0,255.0,119.0118,115.0,39.4924,0.0,255.0,103.2792,107.0,39.3933,0.0,255.0,86.4475,83.0,32.6433,0.970697,98.2537,0.385478,0.01085,36.3547,102.9128,93.6634
153,Bumblebee,Bombus pascuorum,0.940065,0.959594,0.666667,-0.30103,-0.60206,-0.90309,-0.90309,-1.80618,-1.20412,0.0,1.0,0.0,0.997918,3996.0,958001.0,958001.0,0.753919,17.0,255.0,119.4083,114.0,39.9932,2.0,238.0,103.0122,105.0,37.4965,10.0,255.0,84.8951,81.0,30.4428,0.966674,113.3995,0.388553,0.005032,35.5291,102.4385,92.2576
154,Bee & Bumblebee,Bombus hortorum & Megachile centuncularis,0.0,0.0,0.0,0.0,0.0,0.0,0.0,0.0,0.0,0.0,0.0,0.0,0.0,0.0,0.0,0.0,0.0,0.0,0.0,0.0,0.0,0.0,0.0,0.0,0.0,0.0,0.0,0.0,0.0,0.0,0.0,0.0,0.0,0.0,0.0,0.0,0.0,0.0,0.0
155,Butterfly,Pieris rapae,0.992585,0.994547,0.666667,-0.30103,-0.60206,-0.90309,-0.90309,-1.80618,-1.20412,0.0,1.0,0.0,0.997918,3996.0,958001.0,958001.0,0.753919,8.0,255.0,113.2679,117.0,41.629,0.0,242.0,122.1052,128.0,40.935,4.0,255.0,75.3412,74.0,34.8416,0.9921,165.0305,0.392982,0.011022,39.394,103.5714,105.8808
156,Bumblebee,Bombus pascuorum,0.971839,0.986518,0.666667,-0.30103,-0.60206,-0.90309,-0.90309,-1.80618,-1.20412,0.0,1.0,0.0,0.997918,3996.0,958001.0,958001.0,0.753919,11.0,205.0,114.7204,115.0,30.3361,5.0,193.0,113.156,113.0,28.5288,4.0,193.0,100.3492,100.0,34.5015,0.984591,68.9404,0.349517,0.0161,28.9515,109.4085,46.106
157,Bee,Megachile centuncularis,0.971575,0.946979,0.666667,-0.30103,-0.60206,-0.90309,-0.90309,-1.80618,-1.20412,0.0,1.0,0.0,0.997918,3996.0,958001.0,958001.0,0.753919,29.0,247.0,105.1167,100.0,29.1833,0.0,223.0,96.6059,96.0,25.0856,14.0,255.0,87.2757,79.0,36.8218,0.962235,98.2563,0.363728,0.023879,24.6952,96.3328,69.2194
158,Bee,Megachile centuncularis,0.96376,0.96376,0.666667,-0.30103,-0.60206,-0.90309,-0.90309,-1.80618,-1.20412,0.0,1.0,0.0,0.997918,3996.0,958001.0,958001.0,0.753919,15.0,211.0,99.648,89.0,38.9564,0.0,185.0,97.8776,91.0,33.5211,6.0,250.0,92.4594,77.0,48.6965,0.98188,69.3831,0.343632,0.035494,35.2466,96.6616,63.9561
159,Bee,Megachile centuncularis,0.95584,0.965614,0.666667,-0.30103,-0.60206,-0.90309,-0.90309,-1.80618,-1.20412,0.0,1.0,0.0,0.997918,3996.0,958001.0,958001.0,0.753919,14.0,211.0,117.6378,114.0,43.6957,0.0,191.0,116.6811,110.0,40.225,4.0,229.0,113.806,113.0,52.4023,0.97792,69.3721,0.337918,0.030182,41.2902,116.0416,51.7461
160,Bee,Megachile centuncularis,0.934662,0.974729,0.666667,-0.30103,-0.60206,-0.90309,-0.90309,-1.80618,-1.20412,0.0,1.0,0.0,0.997918,3996.0,958001.0,958001.0,0.753919,21.0,244.0,102.7881,101.0,23.9197,0.0,218.0,94.9961,94.0,22.5417,15.0,255.0,89.0697,84.0,32.204,0.967331,94.3103,0.358329,0.019977,21.896,95.618,52.0603
161,Bee,Apis mellifera,0.967845,0.979101,0.666667,-0.30103,-0.60206,-0.90309,-0.90309,-1.80618,-1.20412,0.0,1.0,0.0,0.997918,3996.0,958001.0,958001.0,0.753919,21.0,237.0,102.6474,102.0,31.7182,2.0,209.0,91.3621,93.0,24.9169,10.0,255.0,90.0704,84.0,39.4858,0.978927,96.6066,0.361333,0.024539,25.2695,94.6933,64.9308
162,Bee,Apis mellifera,0.97522,0.983591,0.666667,-0.30103,-0.60206,-0.90309,-0.90309,-1.80618,-1.20412,0.0,1.0,0.0,0.997918,3996.0,958001.0,958001.0,0.753919,14.0,239.0,103.7809,104.0,29.4118,0.0,197.0,94.1296,98.0,23.7924,8.0,255.0,86.4431,82.0,36.7102,0.982336,113.389,0.364971,0.024521,23.7349,94.7845,69.7489
163,Bee,Apis mellifera,0.968846,0.94699,0.666667,-0.30103,-0.60206,-0.90309,-0.90309,-1.80618,-1.20412,0.0,1.0,0.0,0.997918,3996.0,958001.0,958001.0,0.753919,12.0,242.0,97.6761,98.0,32.6495,0.0,205.0,87.8346,91.0,25.0374,6.0,255.0,80.4626,75.0,40.9143,0.973424,103.2978,0.36724,0.031526,25.9909,88.6578,73.4954
164,Bee,Megachile centuncularis,0.975801,0.942073,0.666667,-0.30103,-0.60206,-0.90309,-0.90309,-1.80618,-1.20412,0.0,1.0,0.0,0.997918,3996.0,958001.0,958001.0,0.753919,13.0,252.0,107.1713,104.0,21.8977,0.0,237.0,104.7417,102.0,17.946,0.0,255.0,86.5329,82.0,28.7771,0.965833,96.3614,0.359098,0.033969,18.3879,99.482,64.2699
165,Bee,Anthidium,0.991052,0.978293,0.666667,-0.30103,-0.60206,-0.90309,-0.90309,-1.80618,-1.20412,0.0,1.0,0.0,0.997918,3996.0,958001.0,958001.0,0.753919,11.0,242.0,84.7082,89.0,34.5623,9.0,249.0,91.6598,90.0,38.8953,5.0,255.0,74.6598,76.0,37.5102,0.987586,110.217,0.365138,0.017681,35.9694,83.676,68.6048
166,Bee,Anthidium,0.984954,0.972875,0.666667,-0.30103,-0.60206,-0.90309,-0.90309,-1.80618,-1.20412,0.0,1.0,0.0,0.997918,3996.0,958001.0,958001.0,0.753919,22.0,249.0,104.8462,106.0,30.2763,12.0,247.0,109.025,106.0,34.3485,6.0,255.0,100.5968,105.0,30.6242,0.986421,108.599,0.346697,0.016028,31.1893,104.8227,44.9535
167,Bee,Anthidium,0.980151,0.983702,0.666667,-0.30103,-0.60206,-0.90309,-0.90309,-1.80618,-1.20412,0.0,1.0,0.0,0.997918,3996.0,958001.0,958001.0,0.753919,11.0,255.0,76.472,75.0,30.9974,0.0,254.0,93.8837,95.0,29.743,12.0,255.0,79.3626,78.0,32.6605,0.984117,100.3568,0.375958,0.025594,29.3235,83.2394,71.0487
168,Bumblebee,Bombus pascuorum,0.98919,0.98375,0.666667,-0.30103,-0.60206,-0.90309,-0.90309,-1.80618,-1.20412,0.0,1.0,0.0,0.997918,3996.0,958001.0,958001.0,0.753919,21.0,255.0,104.9898,98.0,40.5917,4.0,255.0,106.4035,102.0,32.0818,6.0,255.0,65.9411,55.0,36.5884,0.980793,123.3352,0.383665,0.015239,34.2805,92.4448,113.3189
169,Bumblebee,Bombus pascuorum,0.976232,0.972817,0.666667,-0.30103,-0.60206,-0.90309,-0.90309,-1.80618,-1.20412,0.0,1.0,0.0,0.997918,3996.0,958001.0,958001.0,0.753919,19.0,255.0,111.1519,100.0,42.266,0.0,254.0,113.066,108.0,32.1996,3.0,255.0,70.9598,57.0,39.5793,0.975248,113.3783,0.383044,0.02462,35.1655,98.3926,112.0332
170,Hover fly,Eristalis,0.98971,0.985719,0.666667,-0.30103,-0.60206,-0.90309,-0.90309,-1.80618,-1.20412,0.0,1.0,0.0,0.997918,3996.0,958001.0,958001.0,0.753919,21.0,255.0,96.911,91.0,37.0555,23.0,255.0,108.9068,108.0,30.8217,7.0,255.0,62.1326,53.0,36.3539,0.986969,90.9759,0.406444,0.012325,32.2557,89.3168,121.0274
171,Bumblebee,Bombus hortorum,0.96095,0.976161,0.666667,-0.30103,-0.60206,-0.90309,-0.90309,-1.80618,-1.20412,0.0,1.0,0.0,0.997918,3996.0,958001.0,958001.0,0.753919,9.0,255.0,115.7244,108.0,40.4982,0.0,251.0,118.2197,121.0,32.2746,0.0,255.0,72.7388,61.0,39.7648,0.978706,50.4736,0.385479,0.03272,33.7952,102.2276,116.821
172,Bumblebee,Bombus pascuorum,0.960318,0.973771,0.666667,-0.30103,-0.60206,-0.90309,-0.90309,-1.80618,-1.20412,0.0,1.0,0.0,0.997918,3996.0,958001.0,958001.0,0.753919,21.0,255.0,99.7491,93.0,51.321,0.0,255.0,106.6437,103.0,46.9793,6.0,255.0,67.346,55.0,46.7354,0.97912,124.5016,0.389582,0.027732,47.2212,91.2463,112.069
173,Bee,Apis mellifera,0.9935,0.989741,0.666667,-0.30103,-0.60206,-0.90309,-0.90309,-1.80618,-1.20412,0.0,1.0,0.0,0.997918,3996.0,958001.0,958001.0,0.753919,11.0,255.0,101.4629,92.0,42.3577,0.0,255.0,103.6732,100.0,34.5476,1.0,255.0,66.3894,56.0,38.2407,0.987144,103.8062,0.381818,0.035358,36.2045,90.5085,110.9861
174,Bee,Apis mellifera,0.957351,0.955198,0.666667,-0.30103,-0.60206,-0.90309,-0.90309,-1.80618,-1.20412,0.0,1.0,0.0,0.997918,3996.0,958001.0,958001.0,0.753919,15.0,255.0,115.6951,114.0,43.6373,0.0,255.0,117.8386,120.0,36.2636,1.0,255.0,75.7442,68.0,41.6143,0.977599,105.0597,0.381012,0.033491,37.9415,103.0926,108.2338
175,Hover fly,Eristalis,0.971695,0.979652,0.666667,-0.30103,-0.60206,-0.90309,-0.90309,-1.80618,-1.20412,0.0,1.0,0.0,0.997918,3996.0,958001.0,958001.0,0.753919,18.0,255.0,101.7443,90.0,50.5492,8.0,255.0,109.8618,99.0,49.1456,13.0,255.0,89.9575,75.0,53.787,0.969871,118.2438,0.364307,0.027136,49.3685,100.5212,64.9772
176,Hover fly,Eristalis,0.961927,0.947877,0.666667,-0.30103,-0.60206,-0.90309,-0.90309,-1.80618,-1.20412,0.0,1.0,0.0,0.997918,3996.0,958001.0,958001.0,0.753919,19.0,255.0,86.5363,79.0,39.2625,0.0,255.0,102.5013,102.0,30.2461,0.0,255.0,72.3857,63.0,41.7237,0.972374,102.7993,0.392089,0.022577,33.0498,87.1411,94.2703
177,Bumblebee,Bombus hortorum,0.95335,0.983671,0.666667,-0.30103,-0.60206,-0.90309,-0.90309,-1.80618,-1.20412,0.0,1.0,0.0,0.997918,3996.0,958001.0,958001.0,0.753919,26.0,255.0,117.9903,116.0,23.5406,9.0,234.0,128.61,132.0,23.9331,18.0,255.0,76.9688,71.0,26.3906,0.975898,73.9375,0.397473,0.011725,22.5413,107.8564,106.8075
178,Bumblebee,Bombus pascuorum,0.985799,0.968547,0.666667,-0.30103,-0.60206,-0.90309,-0.90309,-1.80618,-1.20412,0.0,1.0,0.0,0.997918,3996.0,958001.0,958001.0,0.753919,23.0,253.0,82.1438,76.0,36.3121,22.0,230.0,100.6044,99.0,30.2187,14.0,255.0,59.7547,53.0,30.6524,0.973166,102.2675,0.414859,0.017365,31.2243,80.8343,112.4484
179,Bumblebee,Bombus hortorum,0.98467,0.977803,0.666667,-0.30103,-0.60206,-0.90309,-0.90309,-1.80618,-1.20412,0.0,1.0,0.0,0.997918,3996.0,958001.0,958001.0,0.753919,12.0,255.0,95.516,84.0,57.6222,13.0,255.0,118.2952,116.0,52.9543,6.0,255.0,77.8454,59.0,60.1292,0.983117,103.1346,0.405598,0.022005,54.402,97.2189,106.5665
180,Wasp,Isodontia mexicana,0.979118,0.971658,0.666667,-0.30103,-0.60206,-0.90309,-0.90309,-1.80618,-1.20412,0.0,1.0,0.0,0.997918,3996.0,958001.0,958001.0,0.753919,21.0,253.0,103.4476,102.0,28.0065,5.0,237.0,116.7128,118.0,22.4943,4.0,255.0,78.3497,72.0,30.7133,0.985003,81.7728,0.390984,0.036072,24.099,99.5034,92.1117
181,Bee,Anthidium,0.981059,0.985365,0.666667,-0.30103,-0.60206,-0.90309,-0.90309,-1.80618,-1.20412,0.0,1.0,0.0,0.997918,3996.0,958001.0,958001.0,0.753919,15.0,255.0,69.5654,57.0,41.0091,0.0,252.0,89.3704,84.0,35.918,0.0,255.0,65.0453,50.0,43.114,0.987488,105.4994,0.399009,0.026516,37.4483,74.6604,92.4533
182,Bee,Anthidium,0.982707,0.98861,0.666667,-0.30103,-0.60206,-0.90309,-0.90309,-1.80618,-1.20412,0.0,1.0,0.0,0.997918,3996.0,958001.0,958001.0,0.753919,20.0,255.0,83.2706,70.0,46.0263,0.0,255.0,106.036,101.0,40.2981,7.0,255.0,77.7491,61.0,48.9358,0.985886,144.5691,0.397056,0.026743,42.189,89.0186,90.1904
183,Bumblebee,Bombus pascuorum,0.981196,0.963267,0.666667,-0.30103,-0.60206,-0.90309,-0.90309,-1.80618,-1.20412,0.0,1.0,0.0,0.997918,3996.0,958001.0,958001.0,0.753919,23.0,255.0,86.5583,76.0,41.5175,29.0,255.0,110.3065,104.0,42.0812,14.0,255.0,77.003,67.0,42.8902,0.975574,145.0314,0.402773,0.013329,41.5108,91.2893,87.8069
184,Bee,Apis mellifera,0.967115,0.955684,0.666667,-0.30103,-0.60206,-0.90309,-0.90309,-1.80618,-1.20412,0.0,1.0,0.0,0.997918,3996.0,958001.0,958001.0,0.753919,24.0,254.0,81.6853,73.0,39.1229,7.0,240.0,105.0299,102.0,33.1501,22.0,255.0,79.9185,72.0,39.1732,0.976292,128.0476,0.393911,0.01576,35.0088,88.8779,76.3822
185,Bee,Apis mellifera,0.967115,0.955684,0.666667,-0.30103,-0.60206,-0.90309,-0.90309,-1.80618,-1.20412,0.0,1.0,0.0,0.997918,3996.0,958001.0,958001.0,0.753919,18.0,255.0,87.2936,78.0,41.5427,8.0,245.0,108.511,105.0,34.8912,7.0,255.0,83.9738,75.0,42.066,0.976292,106.8302,0.387846,0.027287,37.0181,93.2595,73.8385
186,Bumblebee,Bombus pascuorum,0.980404,0.962117,0.666667,-0.30103,-0.60206,-0.90309,-0.90309,-1.80618,-1.20412,0.0,1.0,0.0,0.997918,3996.0,958001.0,958001.0,0.753919,12.0,251.0,95.1945,89.0,30.1741,0.0,233.0,110.2686,107.0,23.7639,9.0,255.0,82.6079,75.0,33.2713,0.981018,101.9166,0.382783,0.0296,25.4333,96.0237,76.7899
187,Bee,Anthidium,0.992233,0.978915,0.666667,-0.30103,-0.60206,-0.90309,-0.90309,-1.80618,-1.20412,0.0,1.0,0.0,0.997918,3996.0,958001.0,958001.0,0.753919,18.0,255.0,117.9416,115.0,28.1959,6.0,244.0,119.5584,119.0,18.6001,8.0,255.0,102.0463,98.0,28.7816,0.989457,94.1116,0.352112,0.013864,21.7662,113.1821,52.6511
188,Butterfly,Pieris rapae,0.954278,0.93486,0.666667,-0.30103,-0.60206,-0.90309,-0.90309,-1.80618,-1.20412,0.0,1.0,0.0,0.997918,3996.0,958001.0,958001.0,0.753919,19.0,255.0,86.5259,80.0,44.3093,2.0,254.0,102.1433,102.0,40.4758,11.0,255.0,77.022,67.0,45.6278,0.962653,215.7037,0.384444,0.019484,41.2559,88.5637,81.5774
189,Butterfly,Pieris rapae,0.946158,0.934358,0.666667,-0.30103,-0.60206,-0.90309,-0.90309,-1.80618,-1.20412,0.0,1.0,0.0,0.997918,3996.0,958001.0,958001.0,0.753919,14.0,255.0,78.506,72.0,41.7464,3.0,245.0,93.698,94.0,38.9112,8.0,255.0,68.2772,58.0,43.7684,0.960421,181.5906,0.389627,0.020548,39.3219,80.1604,87.6444
190,Bumblebee,Bombus hortorum,0.966842,0.988102,0.666667,-0.30103,-0.60206,-0.90309,-0.90309,-1.80618,-1.20412,0.0,1.0,0.0,0.997918,3996.0,958001.0,958001.0,0.753919,9.0,255.0,92.943,97.0,47.2283,0.0,255.0,77.0805,80.0,38.31,0.0,255.0,84.2255,85.0,49.8127,0.976154,73.4121,0.365559,0.030074,41.2978,84.7496,55.3532
191,Bee,Megachile centuncularis,0.97646,0.988266,0.666667,-0.30103,-0.60206,-0.90309,-0.90309,-1.80618,-1.20412,0.0,1.0,0.0,0.997918,3996.0,958001.0,958001.0,0.753919,8.0,255.0,111.6893,107.0,50.1233,6.0,255.0,115.5277,115.0,48.393,5.0,255.0,78.9092,68.0,46.7911,0.98823,68.9689,0.377386,0.030835,47.4859,102.0421,100.5573
192,Butterfly,Polyommatus icarus,0.942029,0.935723,0.666667,-0.30103,-0.60206,-0.90309,-0.90309,-1.80618,-1.20412,0.0,1.0,0.0,0.997918,3996.0,958001.0,958001.0,0.753919,6.0,243.0,85.1554,77.0,37.2402,9.0,240.0,87.6297,86.0,33.6147,3.0,251.0,80.6432,74.0,39.9381,0.967519,183.4525,0.345777,0.01385,34.5377,84.4761,59.6837
193,Butterfly,Polyommatus icarus,0.943699,0.986947,0.666667,-0.30103,-0.60206,-0.90309,-0.90309,-1.80618,-1.20412,0.0,1.0,0.0,0.997918,3996.0,958001.0,958001.0,0.753919,20.0,244.0,84.4614,76.0,34.2941,7.0,248.0,85.9168,84.0,30.1725,2.0,254.0,82.8188,76.0,39.3961,0.958203,187.6342,0.339328,0.015088,31.473,84.399,57.9511
194,Bee,Anthidium manicatum,0.977903,0.979417,0.666667,-0.30103,-0.60206,-0.90309,-0.90309,-1.80618,-1.20412,0.0,1.0,0.0,0.997918,3996.0,958001.0,958001.0,0.753919,43.0,255.0,112.7407,97.0,43.3145,14.0,255.0,101.1496,88.0,37.0802,21.0,255.0,70.7907,54.0,44.8943,0.977609,121.5301,0.396025,0.025932,38.1951,94.8937,110.3153
195,Bee,Anthidium manicatum,0.981403,0.978944,0.666667,-0.30103,-0.60206,-0.90309,-0.90309,-1.80618,-1.20412,0.0,1.0,0.0,0.997918,3996.0,958001.0,958001.0,0.753919,21.0,255.0,95.8694,88.0,40.7563,0.0,255.0,81.7324,77.0,29.9772,3.0,255.0,61.4241,50.0,43.6336,0.9753,84.2043,0.401084,0.032162,32.2429,79.6753,113.7606
196,Bee,Anthidium manicatum,0.967121,0.9755,0.666667,-0.30103,-0.60206,-0.90309,-0.90309,-1.80618,-1.20412,0.0,1.0,0.0,0.997918,3996.0,958001.0,958001.0,0.753919,21.0,230.0,118.955,116.0,33.9444,0.0,211.0,106.1788,102.0,28.1415,13.0,242.0,101.4538,87.0,46.4447,0.973397,75.6916,0.364236,0.025368,27.9819,108.8625,81.4317
197,Bee,Anthidium manicatum,0.971647,0.961149,0.666667,-0.30103,-0.60206,-0.90309,-0.90309,-1.80618,-1.20412,0.0,1.0,0.0,0.997918,3996.0,958001.0,958001.0,0.753919,8.0,255.0,125.8258,134.0,48.7882,0.0,255.0,120.3804,129.0,49.4693,4.0,255.0,115.2833,122.0,50.4719,0.976458,58.4014,0.348076,0.027599,48.381,120.4965,54.1807
198,Bee,Anthidium manicatum,0.963708,0.984514,0.666667,-0.30103,-0.60206,-0.90309,-0.90309,-1.80618,-1.20412,0.0,1.0,0.0,0.997918,3996.0,958001.0,958001.0,0.753919,7.0,255.0,139.8249,163.0,51.4453,0.0,255.0,133.7183,156.0,52.6191,2.0,255.0,130.4001,154.0,52.1293,0.976499,51.5925,0.34615,0.027564,51.4982,134.6478,44.8627
199,Bee,Anthidium manicatum,0.959635,0.9589,0.666667,-0.30103,-0.60206,-0.90309,-0.90309,-1.80618,-1.20412,0.0,1.0,0.0,0.997918,3996.0,958001.0,958001.0,0.753919,10.0,255.0,108.7665,110.0,33.2169,4.0,230.0,104.3831,106.0,28.9555,6.0,255.0,74.197,72.0,31.9712,0.963518,61.1925,0.37852,0.01992,29.1357,95.7822,92.9862
200,Bumblebee,Bombus pascuorum,0.980983,0.943212,0.666667,-0.30103,-0.60206,-0.90309,-0.90309,-1.80618,-1.20412,0.0,1.0,0.0,0.997918,3996.0,958001.0,958001.0,0.753919,9.0,255.0,97.562,77.0,69.6948,0.0,234.0,90.3213,77.0,50.3636,8.0,255.0,74.8942,61.0,50.7401,0.97159,102.1641,0.371272,0.008209,48.2536,87.5925,103.4749
201,Bumblebee,Bombus lapidarius,0.959681,0.973365,0.666667,-0.30103,-0.60206,-0.90309,-0.90309,-1.80618,-1.20412,0.0,1.0,0.0,0.997918,3996.0,958001.0,958001.0,0.753919,7.0,255.0,112.6905,109.0,36.7408,0.0,206.0,110.8272,120.0,38.9674,4.0,221.0,88.0337,90.0,30.5683,0.979685,47.1429,0.361708,0.028698,28.4018,103.8505,89.63
202,Bumblebee,Bombus lapidarius,0.926762,0.926762,0.666667,-0.30103,-0.60206,-0.90309,-0.90309,-1.80618,-1.20412,0.0,1.0,0.0,0.997918,3996.0,958001.0,958001.0,0.753919,28.0,255.0,113.1277,103.0,52.8459,0.0,246.0,72.1841,71.0,26.1206,11.0,241.0,59.8496,54.0,24.2373,0.963381,67.0995,0.461442,0.010613,24.2048,81.7205,125.5909
203,Hover fly,Eristalis,0.930043,0.911566,0.666667,-0.30103,-0.60206,-0.90309,-0.90309,-1.80618,-1.20412,0.0,1.0,0.0,0.997918,3996.0,958001.0,958001.0,0.753919,17.0,225.0,116.3903,116.0,27.519,18.0,220.0,149.417,152.0,24.7909,9.0,219.0,66.2038,60.0,34.67,0.930986,100.9901,0.450036,0.005446,25.7979,110.6704,146.08
204,Bumblebee,Bombus hortorum,0.974311,0.969325,0.666667,-0.30103,-0.60206,-0.90309,-0.90309,-1.80618,-1.20412,0.0,1.0,0.0,0.997918,3996.0,958001.0,958001.0,0.753919,8.0,241.0,116.8438,120.0,22.6206,2.0,231.0,118.3958,124.0,27.4836,2.0,255.0,106.7179,102.0,29.0811,0.962524,47.5464,0.34623,0.015611,23.5303,113.9858,62.5562
205,Bumblebee,Bombus hortorum,0.964867,0.936166,0.666667,-0.30103,-0.60206,-0.90309,-0.90309,-1.80618,-1.20412,0.0,1.0,0.0,0.997918,3996.0,958001.0,958001.0,0.753919,22.0,220.0,101.2977,94.0,23.2755,11.0,199.0,116.9262,118.0,17.2794,7.0,233.0,86.8382,72.0,35.0233,0.965134,56.4856,0.383286,0.012436,18.3515,101.6874,83.6296
206,Bee,Apis mellifera,0.97565,0.968916,0.666667,-0.30103,-0.60206,-0.90309,-0.90309,-1.80618,-1.20412,0.0,1.0,0.0,0.997918,3996.0,958001.0,958001.0,0.753919,7.0,255.0,103.38,103.0,58.9393,4.0,253.0,111.3344,115.0,59.4438,3.0,255.0,79.2022,73.0,54.4171,0.978365,119.2871,0.378796,0.017252,57.5204,97.9722,98.5801
207,Butterfly,Macroglossum stellatarum,0.889131,0.933714,0.666667,-0.30103,-0.60206,-0.90309,-0.90309,-1.80618,-1.20412,0.0,1.0,0.0,0.997918,3996.0,958001.0,958001.0,0.753919,5.0,255.0,112.1766,106.0,54.4352,3.0,255.0,101.9554,94.0,54.0571,2.0,255.0,92.4802,79.0,58.7055,0.936645,170.0015,0.365858,0.027,54.102,102.2041,74.8799
208,Butterfly,Macroglossum stellatarum,0.975058,0.96844,0.666667,-0.30103,-0.60206,-0.90309,-0.90309,-1.80618,-1.20412,0.0,1.0,0.0,0.997918,3996.0,958001.0,958001.0,0.753919,1.0,255.0,106.3345,102.0,55.1245,0.0,255.0,102.4622,97.0,53.9732,0.0,255.0,94.533,86.0,60.2493,0.972914,139.1829,0.350557,0.036867,54.1169,101.1099,72.2507
209,Bumblebee,Bombus hortorum,0.993074,0.978346,0.666667,-0.30103,-0.60206,-0.90309,-0.90309,-1.80618,-1.20412,0.0,1.0,0.0,0.997918,3996.0,958001.0,958001.0,0.753919,3.0,255.0,116.006,120.0,34.9689,1.0,255.0,122.2664,129.0,38.4903,0.0,255.0,71.7055,67.0,36.9175,0.989173,54.3871,0.394436,0.011828,34.881,103.3259,122.5015
210,Bumblebee,Bombus hortorum,0.984759,0.994638,0.666667,-0.30103,-0.60206,-0.90309,-0.90309,-1.80618,-1.20412,0.0,1.0,0.0,0.997918,3996.0,958001.0,958001.0,0.753919,4.0,255.0,103.1502,101.0,42.3982,0.0,254.0,117.8314,123.0,42.4498,1.0,255.0,63.2228,54.0,42.2456,0.987674,47.6132,0.414601,0.018931,40.0044,94.7348,135.0055
211,Bee,Thyreus,0.977392,0.972881,0.666667,-0.30103,-0.60206,-0.90309,-0.90309,-1.80618,-1.20412,0.0,1.0,0.0,0.997918,3996.0,958001.0,958001.0,0.753919,0.0,255.0,118.6828,113.0,49.5701,0.0,254.0,118.8604,128.0,43.2301,0.0,255.0,77.9871,65.0,43.6974,0.986441,74.0157,0.3767,0.026842,42.0401,105.1768,115.9225
212,Bee,Thyreus,0.987409,0.987194,0.666667,-0.30103,-0.60206,-0.90309,-0.90309,-1.80618,-1.20412,0.0,1.0,0.0,0.997918,3996.0,958001.0,958001.0,0.753919,4.0,246.0,115.5073,108.0,52.9349,3.0,243.0,108.0242,110.0,42.7714,2.0,255.0,68.8256,60.0,41.4883,0.993597,72.6788,0.39509,0.025031,42.4739,97.4524,125.7951
213,Bee,Apis mellifera,0.988146,0.987015,0.666667,-0.30103,-0.60206,-0.90309,-0.90309,-1.80618,-1.20412,0.0,1.0,0.0,0.997918,3996.0,958001.0,958001.0,0.753919,6.0,255.0,98.2221,97.0,25.3752,5.0,255.0,121.4016,124.0,26.35,3.0,255.0,63.989,59.0,30.817,0.986377,97.9432,0.428054,0.017443,24.305,94.5376,130.2141
214,Bumblebee,Bombus hortorum,0.976126,0.942647,0.666667,-0.30103,-0.60206,-0.90309,-0.90309,-1.80618,-1.20412,0.0,1.0,0.0,0.997918,3996.0,958001.0,958001.0,0.753919,9.0,255.0,115.973,115.0,31.0788,4.0,255.0,122.3806,123.0,28.8072,3.0,255.0,74.5833,70.0,33.7655,0.964895,55.988,0.391071,0.010276,28.5358,104.3123,112.143
215,Bumblebee,Bombus hortorum,0.970654,0.992974,0.666667,-0.30103,-0.60206,-0.90309,-0.90309,-1.80618,-1.20412,0.0,1.0,0.0,0.997918,3996.0,958001.0,958001.0,0.753919,7.0,255.0,98.7232,95.0,50.3245,3.0,251.0,93.8927,89.0,50.5895,4.0,255.0,86.9386,76.0,52.4908,0.983925,58.1183,0.353145,0.045527,49.5172,93.1848,72.649
216,Bumblebee,Bombus hortorum,0.95422,0.927935,0.666667,-0.30103,-0.60206,-0.90309,-0.90309,-1.80618,-1.20412,0.0,1.0,0.0,0.997918,3996.0,958001.0,958001.0,0.753919,13.0,255.0,110.5644,111.0,38.1507,4.0,252.0,102.34,100.0,40.0742,5.0,255.0,66.0649,60.0,34.9916,0.963968,98.3573,0.396332,0.009922,38.0344,92.9898,111.3647
217,Bee,Apis mellifera,0.962983,0.980632,0.666667,-0.30103,-0.60206,-0.90309,-0.90309,-1.80618,-1.20412,0.0,1.0,0.0,0.997918,3996.0,958001.0,958001.0,0.753919,0.0,255.0,120.5117,118.0,35.9774,0.0,251.0,122.7354,127.0,34.4478,0.0,255.0,78.8758,67.0,40.0957,0.976829,96.0195,0.38102,0.026749,33.4185,107.3743,110.5553
218,Bumblebee,Bombus pascuorum,0.982955,0.986604,0.666667,-0.30103,-0.60206,-0.90309,-0.90309,-1.80618,-1.20412,0.0,1.0,0.0,0.997918,3996.0,958001.0,958001.0,0.753919,5.0,255.0,112.2195,110.0,34.6482,1.0,247.0,116.2061,117.0,34.9315,0.0,255.0,70.7475,62.0,37.6379,0.980635,119.5397,0.388424,0.018277,33.5669,99.7243,117.3392
219,Bumblebee,Bombus hortorum,0.957418,0.962672,0.666667,-0.30103,-0.60206,-0.90309,-0.90309,-1.80618,-1.20412,0.0,1.0,0.0,0.997918,3996.0,958001.0,958001.0,0.753919,13.0,255.0,137.5078,140.0,41.8882,0.0,255.0,127.5567,128.0,45.8433,5.0,255.0,92.2851,88.0,43.1455,0.95211,76.6543,0.384799,0.005352,43.1958,119.1165,95.5971
220,Bumblebee,Bombus hortorum,0.969598,0.913198,0.666667,-0.30103,-0.60206,-0.90309,-0.90309,-1.80618,-1.20412,0.0,1.0,0.0,0.997918,3996.0,958001.0,958001.0,0.753919,21.0,255.0,131.0004,132.0,42.173,11.0,255.0,125.0932,125.0,44.4135,9.0,255.0,87.3959,80.0,45.7516,0.956599,75.7417,0.381381,0.006436,42.4749,114.4965,99.146
221,Bumblebee,Bombus hortorum,0.978494,0.931403,0.666667,-0.30103,-0.60206,-0.90309,-0.90309,-1.80618,-1.20412,0.0,1.0,0.0,0.997918,3996.0,958001.0,958001.0,0.753919,21.0,255.0,128.6768,128.0,41.0836,13.0,255.0,122.2883,122.0,42.6609,10.0,255.0,85.2338,79.0,44.4601,0.961486,81.7136,0.38274,0.005413,41.054,112.0663,100.0406
222,Bumblebee,Bombus hortorum,0.97631,0.932975,0.666667,-0.30103,-0.60206,-0.90309,-0.90309,-1.80618,-1.20412,0.0,1.0,0.0,0.997918,3996.0,958001.0,958001.0,0.753919,19.0,255.0,124.1418,124.0,41.5586,11.0,255.0,119.0184,118.0,43.6428,9.0,255.0,81.6334,75.0,44.0993,0.959881,97.2654,0.382218,0.005453,41.7601,108.2645,101.2306
223,Bee,Trachusa byssina ,0.984558,0.986698,0.666667,-0.30103,-0.60206,-0.90309,-0.90309,-1.80618,-1.20412,0.0,1.0,0.0,0.997918,3996.0,958001.0,958001.0,0.753919,15.0,255.0,83.5832,67.0,50.5773,11.0,255.0,79.3561,64.0,49.8482,2.0,255.0,70.6905,53.0,57.2734,0.992279,135.0018,0.357759,0.018216,50.6896,77.8766,68.5903
224,Butterfly,Macroglossum stellatarum,0.975869,0.956508,0.666667,-0.30103,-0.60206,-0.90309,-0.90309,-1.80618,-1.20412,0.0,1.0,0.0,0.997918,3996.0,958001.0,958001.0,0.753919,10.0,255.0,106.7097,104.0,35.7376,8.0,235.0,116.7992,117.0,35.4976,6.0,255.0,62.2783,57.0,32.1139,0.977553,123.6388,0.408693,0.013809,32.3359,95.2624,128.4807
225,Butterfly,Macroglossum stellatarum,0.934553,0.93994,0.666667,-0.30103,-0.60206,-0.90309,-0.90309,-1.80618,-1.20412,0.0,1.0,0.0,0.997918,3996.0,958001.0,958001.0,0.753919,2.0,248.0,112.8123,116.0,37.0608,0.0,240.0,104.7501,108.0,36.5524,0.0,255.0,104.8077,105.0,37.9394,0.967258,89.1514,0.349947,0.066749,36.3389,107.4567,39.4952
226,Bumblebee,Bombus hortorum,0.950368,0.983939,0.666667,-0.30103,-0.60206,-0.90309,-0.90309,-1.80618,-1.20412,0.0,1.0,0.0,0.997918,3996.0,958001.0,958001.0,0.753919,2.0,255.0,101.9005,99.0,36.0565,0.0,247.0,114.9814,118.0,37.273,1.0,255.0,73.0853,61.0,42.2272,0.97468,79.705,0.396532,0.024875,34.8164,96.6557,110.6294
227,Bumblebee,Bombus hortorum,0.962611,0.959487,0.666667,-0.30103,-0.60206,-0.90309,-0.90309,-1.80618,-1.20412,0.0,1.0,0.0,0.997918,3996.0,958001.0,958001.0,0.753919,8.0,255.0,110.9072,111.0,34.1678,4.0,245.0,118.2214,122.0,36.9627,3.0,255.0,79.1242,71.0,39.9068,0.970714,74.8726,0.383521,0.009942,34.2753,102.7509,105.7514
228,Bumblebee,Bombus hortorum,0.97859,0.977801,0.666667,-0.30103,-0.60206,-0.90309,-0.90309,-1.80618,-1.20412,0.0,1.0,0.0,0.997918,3996.0,958001.0,958001.0,0.753919,15.0,255.0,125.5315,123.0,35.7278,6.0,239.0,128.984,130.0,32.6158,1.0,255.0,81.7231,75.0,36.9889,0.986986,82.3905,0.383609,0.023167,32.1365,112.0795,109.9276
229,Bee,Apis mellifera,0.971639,0.979844,0.666667,-0.30103,-0.60206,-0.90309,-0.90309,-1.80618,-1.20412,0.0,1.0,0.0,0.997918,3996.0,958001.0,958001.0,0.753919,13.0,255.0,97.4189,91.0,48.4402,0.0,255.0,107.4422,104.0,47.8642,0.0,255.0,72.4817,63.0,46.5388,0.973267,78.5371,0.387399,0.038535,46.924,92.4476,103.2246
230,Bumblebee,Bombus hortorum,0.23627,0.39244,0.553398,0.0,0.0,0.0,0.0,0.0,0.0,0.0,0.688536,0.807145,0.476173,1140.15,25160.5,36542.0,0.243222,4.0,226.0,83.8215,76.0,55.9663,2.0,210.0,73.2552,64.0,51.7903,1.0,255.0,77.4611,59.0,61.5235,0.026707,112.1064,0.35739,0.230352,53.6459,78.1793,63.5572
231,Bee,Apis mellifera,0.159205,0.353554,1.177515,0.0,0.0,0.0,0.0,0.0,0.0,0.0,0.783163,0.785601,0.485742,661.47,16336.0,20859.0,0.469175,15.0,247.0,148.0146,154.0,48.964,7.0,240.0,124.0386,126.0,46.1138,9.0,255.0,121.4539,113.0,58.5751,0.017316,86.313,0.376142,0.233532,47.0809,131.169,74.2717
232,Bee,Apis mellifera,0.67263,0.679786,1.395604,0.0,0.0,0.0,0.0,0.0,0.0,0.0,0.767528,0.701739,0.661634,485.14,7646.5,9962.5,0.408254,14.0,255.0,149.5095,157.0,45.243,8.0,247.0,128.4961,138.0,45.3074,4.0,255.0,115.6499,120.0,42.7802,0.00818,92.7248,0.379798,0.298103,44.2351,131.2185,68.5006
233,Bee,Trachusa byssina ,0.0,0.64281,1.38255,0.0,0.0,0.0,0.0,0.0,0.0,0.0,0.637327,0.718784,0.39467,754.72,12114.0,19007.5,0.267251,5.0,246.0,101.9832,116.0,46.4386,4.0,232.0,93.8757,107.0,44.2741,4.0,231.0,83.5137,86.0,36.9272,0.012959,99.9386,0.365044,0.222169,43.729,93.1242,60.9547
234,Butterfly,Macroglossum stellatarum,0.001326,0.178447,0.888298,0.0,0.0,0.0,0.0,0.0,0.0,0.0,0.510541,0.462481,0.294659,1665.18,37004.5,72481.0,0.167703,7.0,255.0,121.8752,123.0,55.2389,8.0,245.0,112.3266,120.0,46.2628,10.0,255.0,93.6833,92.0,40.362,0.039321,104.6622,0.371701,0.18454,46.6326,109.295,58.9568
235,Bee,Thyreus,0.154161,0.009457,0.707865,0.0,0.0,0.0,0.0,0.0,0.0,0.0,0.519891,0.84153,0.301543,636.56,6763.0,13008.5,0.209736,3.0,246.0,83.3133,83.0,52.5376,3.0,246.0,80.7394,76.0,53.4618,3.0,255.0,71.7959,55.0,57.906,0.007339,100.6937,0.353249,0.297658,52.5231,78.6162,91.041
236,Butterfly,Aglais urticae,0.301207,0.670182,0.825558,0.0,0.0,0.0,0.0,0.0,0.0,0.0,0.868061,0.605416,0.561487,1686.18,112663.0,129787.0,0.497944,4.0,255.0,56.326,24.0,63.3276,2.0,255.0,34.1203,18.0,41.9174,0.0,255.0,26.8687,14.0,43.2095,0.118106,112.2615,0.480126,0.055997,45.0021,39.105,105.6935
237,Butterfly,Aglais urticae,0.626811,0.547113,2.040293,0.0,0.0,0.0,0.0,0.0,0.0,0.0,0.563496,0.905421,0.428167,1891.51,65107.5,115542.0,0.228679,7.0,255.0,115.052,106.0,78.2834,3.0,255.0,89.3687,72.0,67.7931,0.0,255.0,72.4273,47.0,64.1066,0.068653,142.9011,0.415578,0.17376,68.7128,92.2827,98.2761
238,Butterfly,Aglais urticae,0.076423,0.20721,1.342612,0.0,0.0,0.0,0.0,0.0,0.0,0.0,0.434961,0.783101,0.238594,2775.65,69862.5,160618.0,0.113953,5.0,255.0,79.0916,62.0,62.7424,0.0,255.0,66.1832,49.0,57.6032,0.0,255.0,59.496,43.0,56.7579,0.073991,96.6573,0.386245,0.190086,57.4355,68.2569,79.4144
239,Wasp,Vespula germanica,0.376622,0.16844,1.58427,0.0,0.0,0.0,0.0,0.0,0.0,0.0,0.531137,0.734249,0.423091,1431.81,21237.5,39985.0,0.130179,4.0,223.0,92.2878,98.0,51.04,2.0,215.0,72.5647,71.0,46.1545,0.0,229.0,59.0369,53.0,42.1707,0.022769,111.1929,0.412203,0.235612,46.0896,74.6298,98.6987
240,Wasp,Vespula germanica,0.372997,0.028573,1.122271,0.0,0.0,0.0,0.0,0.0,0.0,0.0,0.593137,0.631357,0.373592,1306.08,21987.0,37069.0,0.161971,4.0,233.0,93.3978,84.0,55.5036,2.0,224.0,75.804,64.0,53.7932,0.0,237.0,59.9583,49.0,46.5655,0.023474,108.3803,0.407566,0.252407,52.5132,76.3867,104.8414
241,Wasp,Vespula germanica,0.312559,0.331405,0.84585,0.0,0.0,0.0,0.0,0.0,0.0,0.0,0.429008,0.563931,0.347568,1778.98,18818.0,43864.0,0.074721,4.0,212.0,94.2127,99.0,49.9766,3.0,206.0,73.5754,66.0,45.6447,0.0,208.0,54.5877,46.0,38.4887,0.02038,88.1316,0.423664,0.301866,45.0653,74.1253,107.3071
242,Wasp,Vespula germanica,0.176454,0.343474,0.981685,0.0,0.0,0.0,0.0,0.0,0.0,0.0,0.499396,0.398704,0.341623,1653.66,24994.5,50049.5,0.114858,2.0,219.0,86.7931,87.0,54.8717,0.0,220.0,67.4788,54.0,50.6891,0.0,214.0,45.5845,35.0,38.2446,0.026773,97.4445,0.434277,0.228815,49.5133,66.6188,118.409
243,Bee,Anthidium manicatum,0.170052,0.159623,1.482558,0.0,0.0,0.0,0.0,0.0,0.0,0.0,0.774665,0.810164,0.518183,1009.22,22727.5,29338.5,0.280409,1.0,232.0,88.7708,92.0,52.6848,0.0,219.0,70.7231,70.0,46.1413,3.0,235.0,81.3193,80.0,50.6883,0.024125,72.3063,0.368629,0.244689,47.9122,80.2711,66.9815
244,Bee,Apis mellifera,0.478744,0.0,0.929688,0.0,0.0,0.0,0.0,0.0,0.0,0.0,0.590389,0.547278,0.37628,597.51,5731.5,9708.0,0.201737,13.0,225.0,113.512,111.0,52.647,9.0,214.0,88.232,71.0,54.1269,1.0,200.0,63.1192,39.0,52.9272,0.006232,103.6719,0.428568,0.264583,52.93,88.2877,128.3039
245,Bee,Apis mellifera,0.0,0.0,0.740113,0.0,0.0,0.0,0.0,0.0,0.0,0.0,0.399121,0.689166,0.283888,1003.02,6582.5,16492.5,0.082221,3.0,252.0,75.5383,72.0,37.8185,2.0,245.0,62.2336,56.0,37.3925,2.0,235.0,43.9479,40.0,27.4728,0.007301,106.7385,0.415686,0.275075,36.019,60.5733,110.5711
246,Bee,Apis mellifera,0.138979,0.151661,1.203883,0.0,0.0,0.0,0.0,0.0,0.0,0.0,0.660409,0.717099,0.451691,532.07,5769.0,8735.5,0.256075,8.0,198.0,98.6223,98.0,46.2469,6.0,193.0,75.0572,71.0,42.8061,1.0,194.0,55.5566,47.0,37.6175,0.006249,100.4886,0.430221,0.276379,42.3264,76.412,116.7131
247,Bee,Apis mellifera,0.380273,0.254221,1.273224,0.0,0.0,0.0,0.0,0.0,0.0,0.0,0.614824,0.651521,0.440524,1059.22,18783.5,30551.0,0.210386,8.0,255.0,89.2705,82.0,52.0556,3.0,255.0,65.2726,53.0,46.2785,3.0,255.0,56.702,47.0,38.7435,0.020043,96.7241,0.422592,0.241775,46.3625,70.4151,106.9145
248,Bee,Apis mellifera,0.157309,0.0,0.773333,0.0,0.0,0.0,0.0,0.0,0.0,0.0,0.5614,0.611237,0.37204,681.31,6473.5,11531.0,0.17525,6.0,219.0,79.9803,61.0,54.1808,4.0,202.0,60.3427,37.0,51.9781,3.0,198.0,57.3097,31.0,51.6738,0.007043,114.1426,0.404692,0.251146,52.034,65.8776,105.2136
249,Bee,Apis mellifera,0.008513,0.005953,1.0375,0.0,0.0,0.0,0.0,0.0,0.0,0.0,0.71486,0.605711,0.421837,666.78,11204.0,15673.0,0.316674,7.0,255.0,140.4791,141.0,57.5969,3.0,247.0,111.7808,119.0,52.6865,3.0,255.0,103.2102,103.0,53.2051,0.01197,85.5707,0.395192,0.274563,53.4453,118.49,81.2912
250,Bee,Apis mellifera,0.0,0.048817,1.304813,0.0,0.0,0.0,0.0,0.0,0.0,0.0,0.718512,0.680919,0.481974,1007.13,21991.5,30607.0,0.272452,3.0,255.0,127.0163,125.0,61.5063,2.0,255.0,101.5997,96.0,59.1266,0.0,255.0,77.4083,63.0,58.6153,0.023365,71.3626,0.415053,0.300312,58.9778,102.0081,115.8863
